1,town_of_cary_expenditures,How much was spent on public works and utilities by the Town of Cary in 2011?,"select sum(xsd:decimal(?amount)) from <http://linkedspending.aksw.org/town_of_cary_expenditures>
{
?obs qb:dataSet ls:town_of_cary_expenditures.
?obs lso:town_of_cary_expenditures-amount ?amount.
?obs lso:town_of_cary_expenditures-Class <https://openspending.org/town_of_cary_expenditures/Class/6>.
?obs lso:refYear ?year.
filter(year(?year)=2011).
}","select SUM(xsd:decimal(?v1370211610)) 
{
 ?obs  <http://linkedspending.aksw.org/ontology/refYear> ?v3.
filter(year(?v3)=2011). ?obs <http://linkedspending.aksw.org/ontology/town_of_cary_expenditures-Class> <https://openspending.org/town_of_cary_expenditures/Class/6>. ?obs qb:dataSet <http://linkedspending.aksw.org/instance/town_of_cary_expenditures>. ?obs a qb:Observation.
 ?obs <http://linkedspending.aksw.org/ontology/town_of_cary_expenditures-amount> ?v1370211610.?obs <http://linkedspending.aksw.org/ontology/town_of_cary_expenditures-Class> ?v205145354.?obs <http://linkedspending.aksw.org/ontology/refYear> ?v281587556.
}",1.0,1.0,1.0
2,town_of_cary_expenditures,Which programs were done under the class of public works and utilities in the expenditure of the Town of Cary?,"select ?program from <http://linkedspending.aksw.org/town_of_cary_expenditures>
{
?obs qb:dataSet ls:town_of_cary_expenditures.
?obs lso:town_of_cary_expenditures-Program ?program.
?obs lso:town_of_cary_expenditures-Class <https://openspending.org/town_of_cary_expenditures/Class/6>.
}","select distinct(?v1586815594) 
{
?obs <http://linkedspending.aksw.org/ontology/town_of_cary_expenditures-Class> <https://openspending.org/town_of_cary_expenditures/Class/6>. ?obs qb:dataSet <http://linkedspending.aksw.org/instance/town_of_cary_expenditures>. ?obs a qb:Observation.
 ?obs <http://linkedspending.aksw.org/ontology/town_of_cary_expenditures-Program> ?v1586815594.?obs <http://linkedspending.aksw.org/ontology/town_of_cary_expenditures-Class> ?v205145354.
}",1.0,1.0,1.0
3,town_of_cary_revenues,How much did the Town of Cary earn in 2009?,"select sum(xsd:decimal(?amount))  from <http://linkedspending.aksw.org/town_of_cary_revenues>
{
?obs qb:dataSet ls:town_of_cary_revenues.
?obs lso:refYear ?year.
filter(year(?year)=2009).
?obs lso:town_of_cary_revenues-amount ?amount.
}","select SUM(xsd:decimal(?v1564701949)) 
{
?obs qb:dataSet <http://linkedspending.aksw.org/instance/town_of_cary_revenues>. ?obs a qb:Observation.
  ?obs  <http://linkedspending.aksw.org/ontology/refYear> ?v6.
filter(year(?v6)=2009). ?obs <http://linkedspending.aksw.org/ontology/town_of_cary_revenues-amount> ?v1564701949.?obs <http://linkedspending.aksw.org/ontology/refYear> ?v281587556.
}",1.0,1.0,1.0
4,town_of_cary_revenues,Which program earned the most for the Town of Cary?,"select ?program  from <http://linkedspending.aksw.org/town_of_cary_revenues>
{
?obs qb:dataSet ls:town_of_cary_revenues.
?obs lso:town_of_cary_revenues-Program ?program.
?obs lso:town_of_cary_revenues-amount ?amount.
}
order by desc(sum(xsd:decimal(?amount))) limit 1","select distinct(?v973918489) 
{
?obs qb:dataSet <http://linkedspending.aksw.org/instance/town_of_cary_revenues>. ?obs a qb:Observation.
 ?obs <http://linkedspending.aksw.org/ontology/town_of_cary_revenues-Program> ?v973918489.?obs <http://linkedspending.aksw.org/ontology/town_of_cary_revenues-amount> ?v1564701949.
}order by DESC(sum(xsd:decimal(?v1564701949))) limit 1",1.0,1.0,1.0
5,city-of-whiteacre-spending,Which department of whiteacre spent the most in 2010?,"select ?dep from <http://linkedspending.aksw.org/city-of-whiteacre-spending>
{
?obs qb:dataSet ls:city-of-whiteacre-spending.
?obs lso:city-of-whiteacre-spending-to ?dep.
?obs lso:city-of-whiteacre-spending-amount ?amount.
}
order by desc(sum(xsd:decimal(?amount))) limit 1","select distinct(?v845627347) 
{
?obs qb:dataSet <http://linkedspending.aksw.org/instance/city-of-whiteacre-spending>. ?obs a qb:Observation.
  ?obs  <http://linkedspending.aksw.org/ontology/refYear> ?v10.
filter(year(?v10)=2010). ?obs <http://linkedspending.aksw.org/ontology/city-of-whiteacre-spending-to> ?v845627347.?obs <http://linkedspending.aksw.org/ontology/refYear> ?v281587556.?obs <http://linkedspending.aksw.org/ontology/city-of-whiteacre-spending-amount> ?v1252075254.
}order by DESC(sum(xsd:decimal(?v1252075254))) limit 1",1.0,1.0,1.0
6,city-of-whiteacre-spending,How much does the general district court of Whiteacre receive for court appointed attorney fees a year?,"select ?year sum(xsd:decimal(?amount)) from <http://linkedspending.aksw.org/city-of-whiteacre-spending>
{
?obs qb:dataSet ls:city-of-whiteacre-spending.
?obs lso:city-of-whiteacre-spending-object <https://openspending.org/city-of-whiteacre-spending/object/3150.0>.
?obs lso:city-of-whiteacre-spending-to <https://openspending.org/city-of-whiteacre-spending/to/210708>.
?obs lso:city-of-whiteacre-spending-amount ?amount.
?obs lso:refYear ?year.
}
group by ?year
order by desc(sum(xsd:decimal(?amount))) limit 1","select distinct(?v281587556) 
{
?obs qb:dataSet <http://linkedspending.aksw.org/instance/city-of-whiteacre-spending>. ?obs a qb:Observation.
 ?obs <http://linkedspending.aksw.org/ontology/city-of-whiteacre-spending-object> <https://openspending.org/city-of-whiteacre-spending/object/3125.0>. ?obs <http://linkedspending.aksw.org/ontology/refYear> ?v281587556.?obs <http://linkedspending.aksw.org/ontology/city-of-whiteacre-spending-object> ?v861590543.
}",0.0,0.0,0.0
7,maldives_proposed_expenditure_2015,Which agencies in the Maldives have proposed expenditure amounts of more than 1 billion Maldivian rufiyaa in 2015?,"select ?agency from <http://linkedspending.aksw.org/maldives_proposed_expenditure_2015>
{
?obs qb:dataSet ls:maldives_proposed_expenditure_2015.
?obs lso:maldives_proposed_expenditure_2015-Agency ?agency.
?obs lso:maldives_proposed_expenditure_2015-amount ?amount.
filter(xsd:decimal(?amount)>1000000000).
}","select SUM(xsd:decimal(?v1368930354)) 
{
filter(?v1368930354 > ""1.0E9"").  ?obs qb:dataSet <http://linkedspending.aksw.org/instance/maldives_proposed_expenditure_2015>. ?obs a qb:Observation.
 ?obs <http://linkedspending.aksw.org/ontology/maldives_proposed_expenditure_2015-amount> ?v1368930354.  ?obs  <http://linkedspending.aksw.org/ontology/refDate> ""2015""^^<http://www.w3.org/2001/XMLSchema#date>. ?obs <http://linkedspending.aksw.org/ontology/maldives_proposed_expenditure_2015-amount> ?v1368930354.?obs <http://linkedspending.aksw.org/ontology/refDate> ?v282216435.
}",0.0,0.0,0.0
8,maldives_proposed_expenditure_2015,What is the total aid to the Anti Corruption Commission in the Maldives in 2015?,"select sum(xsd:decimal(?amount)) from <http://linkedspending.aksw.org/maldives_proposed_expenditure_2015>
{
?obs qb:dataSet ls:maldives_proposed_expenditure_2015.
?obs lso:maldives_proposed_expenditure_2015-Agency <https://openspending.org/maldives_proposed_expenditure_2015/Agency/anti-corruption-commission>.
?obs lso:maldives_proposed_expenditure_2015-amount ?amount.
}","select SUM(xsd:decimal(?v1368930354)) 
{
?obs qb:dataSet <http://linkedspending.aksw.org/instance/maldives_proposed_expenditure_2015>. ?obs a qb:Observation.
  ?obs  <http://linkedspending.aksw.org/ontology/refDate> ""2015""^^<http://www.w3.org/2001/XMLSchema#date>. ?obs <http://linkedspending.aksw.org/ontology/maldives_proposed_expenditure_2015-Agency> <https://openspending.org/maldives_proposed_expenditure_2015/Agency/anti-corruption-commission>. ?obs <http://linkedspending.aksw.org/ontology/maldives_proposed_expenditure_2015-amount> ?v1368930354.?obs <http://linkedspending.aksw.org/ontology/refDate> ?v282216435.?obs <http://linkedspending.aksw.org/ontology/maldives_proposed_expenditure_2015-Agency> ?v2004058011.
}",1.0,1.0,1.0
9,ministry_of_health,Which Ugandan district had the highest budget in 2014?,"select ?district from <http://linkedspending.aksw.org/ministry_of_health>
{
?obs qb:dataSet ls:ministry_of_health.
?obs lso:ministry_of_health-District ?district.
?obs lso:ministry_of_health-amount ?amount.
?obs lso:refYear ?year.
filter(year(?year)=2014).
}
order by desc(sum(xsd:decimal(?amount))) limit 1","select distinct(?v1967776707) 
{
?obs qb:dataSet <http://linkedspending.aksw.org/instance/ministry_of_health>. ?obs a qb:Observation.
  ?obs  <http://linkedspending.aksw.org/ontology/refYear> ?v22.
filter(year(?v22)=2014). ?obs <http://linkedspending.aksw.org/ontology/ministry_of_health-District> ?v1967776707.?obs <http://linkedspending.aksw.org/ontology/ministry_of_health-amount> ?v1076978259.?obs <http://linkedspending.aksw.org/ontology/refYear> ?v281587556.
}order by DESC(sum(xsd:decimal(?v1076978259))) limit 1",1.0,1.0,1.0
10,ministry_of_health,What was the average Uganda health budget for each district in 2014?,"select avg(?sum) as ?sum
{
select ?district sum(xsd:decimal(?amount)) as ?sum from <http://linkedspending.aksw.org/ministry_of_health>
{
?obs qb:dataSet ls:ministry_of_health.
?obs lso:ministry_of_health-District ?district.
?obs lso:ministry_of_health-amount ?amount.
?obs lso:refYear ?year.
filter(year(?year)=2014).
}
}","select AVG(distinct(?v1967776707)) 
{
 ?obs  <http://linkedspending.aksw.org/ontology/refYear> ?v24.
filter(year(?v24)=2014). ?obs qb:dataSet <http://linkedspending.aksw.org/instance/ministry_of_health>. ?obs a qb:Observation.
 ?obs <http://linkedspending.aksw.org/ontology/ministry_of_health-District> ?v1967776707.?obs <http://linkedspending.aksw.org/ontology/refYear> ?v281587556.
}",0.0,0.0,0.0
11,newcastle-city-council-payments-over-500,What is the highest Newcastle city council payment for supplies and services?,"select max(xsd:decimal(?amount)) as ?sum from <http://linkedspending.aksw.org/newcastle-city-council-payments-over-500>
{
?obs qb:dataSet ls:newcastle-city-council-payments-over-500.
?obs lso:newcastle-city-council-payments-over-500-expenditure-category ""Supplies & Services"".
?obs lso:newcastle-city-council-payments-over-500-amount ?amount.
}","select SUM(xsd:decimal(?v1836695641)) 
{
?obs qb:dataSet <http://linkedspending.aksw.org/instance/newcastle-city-council-payments-over-500>. ?obs a qb:Observation.
 ?obs <http://linkedspending.aksw.org/ontology/newcastle-city-council-payments-over-500-internal-ref> ?v1836695641.?obs <http://linkedspending.aksw.org/ontology/newcastle-city-council-payments-over-500-file> ?v93151662.
}order by DESC(sum(xsd:decimal(?v93151662))) limit 1",0.0,0.0,0.0
12,newcastle-city-council-payments-over-500,What's are the 10 highest payments of the Newcastle city council?,"select xsd:decimal(?amount) as ?amount from <http://linkedspending.aksw.org/newcastle-city-council-payments-over-500>
{
?obs qb:dataSet ls:newcastle-city-council-payments-over-500.
?obs lso:newcastle-city-council-payments-over-500-amount ?amount.
} order by desc(xsd:decimal(?amount)) limit 10","select SUM(xsd:decimal(?v1836695641)) 
{
?obs <http://linkedspending.aksw.org/ontology/newcastle-city-council-payments-over-500-to> <https://openspending.org/newcastle-city-council-payments-over-500/to/newcastle-city-council>. ?obs qb:dataSet <http://linkedspending.aksw.org/instance/newcastle-city-council-payments-over-500>. ?obs a qb:Observation.
 ?obs <http://linkedspending.aksw.org/ontology/newcastle-city-council-payments-over-500-internal-ref> ?v1836695641.?obs <http://linkedspending.aksw.org/ontology/newcastle-city-council-payments-over-500-to> ?v1197667537.?obs <http://linkedspending.aksw.org/ontology/newcastle-city-council-payments-over-500-amount> ?v536222638.
}order by DESC(sum(xsd:decimal(?v536222638))) limit 10",0.0,0.0,0.0
13,uk-local-walthamforest,How much did the Waltham Forest Council spend on Environment and Regeneration?,"select sum(xsd:decimal(?amount)) as ?amount from <http://linkedspending.aksw.org/uk-local-walthamforest>
{
?obs qb:dataSet ls:uk-local-walthamforest.
?obs lso:uk-local-walthamforest-ExpenseArea <https://openspending.org/uk-local-walthamforest/ExpenseArea/environment-regeneration>.
?obs lso:uk-local-walthamforest-amount ?amount.
}","select SUM(xsd:decimal(?v1609616725)) 
{
?obs <http://linkedspending.aksw.org/ontology/uk-local-walthamforest-ExpenseArea> <https://openspending.org/uk-local-walthamforest/ExpenseArea/environment-regeneration>. ?obs qb:dataSet <http://linkedspending.aksw.org/instance/uk-local-walthamforest>. ?obs a qb:Observation.
 ?obs <http://linkedspending.aksw.org/ontology/uk-local-walthamforest-amount> ?v1609616725.?obs <http://linkedspending.aksw.org/ontology/uk-local-walthamforest-ExpenseArea> ?v675519886.
}",1.0,1.0,1.0
14,uk-local-walthamforest,"On the Waltham Forest Council, how much money was given to Synarbor Global Solutions Ltd?","select sum(xsd:decimal(?amount)) as ?amount from <http://linkedspending.aksw.org/uk-local-walthamforest>
{
?obs qb:dataSet ls:uk-local-walthamforest.
?obs lso:uk-local-walthamforest-to <https://openspending.org/uk-local-walthamforest/to/15519>.
?obs lso:uk-local-walthamforest-amount ?amount.
}","select SUM(xsd:decimal(?v1609616725)) 
{
?obs qb:dataSet <http://linkedspending.aksw.org/instance/uk-local-walthamforest>. ?obs a qb:Observation.
 ?obs <http://linkedspending.aksw.org/ontology/uk-local-walthamforest-to> <https://openspending.org/uk-local-walthamforest/to/15519>. ?obs <http://linkedspending.aksw.org/ontology/uk-local-walthamforest-amount> ?v1609616725.?obs <http://linkedspending.aksw.org/ontology/uk-local-walthamforest-to> ?v1628368306.
}",1.0,1.0,1.0
15,cheshire_west_and_chester_april_2013,How much money give Cheshire West and Chester on Adult Social Care and Health?,"select sum(xsd:decimal(?amount)) as ?amount from <http://linkedspending.aksw.org/cheshire_west_and_chester_april_2013>
{
?obs qb:dataSet ls:cheshire_west_and_chester_april_2013.
?obs lso:cheshire_west_and_chester_april_2013-service-label ""Adult Social Care & Health"".
?obs lso:cheshire_west_and_chester_april_2013-amount ?amount.
}","select SUM(xsd:decimal(?v1938924096)) 
{
 ?obs  <http://linkedspending.aksw.org/ontology/cheshire_west_and_chester_april_2013-service-label> ""Adult Social Care & Health"". ?obs qb:dataSet <http://linkedspending.aksw.org/instance/cheshire_west_and_chester_april_2013>. ?obs a qb:Observation.
 ?obs <http://linkedspending.aksw.org/ontology/cheshire_west_and_chester_april_2013-count> ?v1938924096.?obs <http://linkedspending.aksw.org/ontology/cheshire_west_and_chester_april_2013-service-label> ?v799755789.
}",0.0,0.0,0.0
16,cheshire_west_and_chester_april_2013,What are the top 5 narratives in Cheshire West and Chester?,"select distinct(?narrative) from <http://linkedspending.aksw.org/cheshire_west_and_chester_april_2013>
{
?obs qb:dataSet ls:cheshire_west_and_chester_april_2013.
?obs lso:cheshire_west_and_chester_april_2013-narrative ?narrative.
?obs lso:cheshire_west_and_chester_april_2013-amount ?amount.
} order by desc(sum(xsd:decimal(?amount))) limit 5","select distinct(?v1231165731) 
{
?obs qb:dataSet <http://linkedspending.aksw.org/instance/cheshire_west_and_chester_april_2013>. ?obs a qb:Observation.
 ?obs <http://linkedspending.aksw.org/ontology/cheshire_west_and_chester_april_2013-narrative> ?v1231165731.?obs <http://linkedspending.aksw.org/ontology/cheshire_west_and_chester_april_2013-amount> ?v82172601.
}order by DESC(sum(xsd:decimal(?v82172601))) limit 5",1.0,1.0,1.0
17,city-of-redacre-spending,How much did the City of Redacre expend from the insurance fund?,"select sum(xsd:decimal(?amount)) as ?amount from <http://linkedspending.aksw.org/city-of-redacre-spending>
{
?obs qb:dataSet ls:city-of-redacre-spending.
?obs lso:city-of-redacre-spending-from <https://openspending.org/city-of-redacre-spending/from/510>.
?obs lso:city-of-redacre-spending-amount ?amount.
}","select SUM(xsd:decimal(?v1289463950)) 
{
?obs qb:dataSet <http://linkedspending.aksw.org/instance/city-of-redacre-spending>. ?obs a qb:Observation.
 ?obs <http://linkedspending.aksw.org/ontology/city-of-redacre-spending-from> <https://openspending.org/city-of-redacre-spending/from/510>. ?obs <http://linkedspending.aksw.org/ontology/city-of-redacre-spending-amount> ?v1289463950.?obs <http://linkedspending.aksw.org/ontology/city-of-redacre-spending-from> ?v658170556.
}",1.0,1.0,1.0
18,city-of-redacre-spending,How much receives each division in the City of Redacre?,"select ?division sum(xsd:decimal(?amount)) as ?amount from <http://linkedspending.aksw.org/city-of-redacre-spending>
{
?obs qb:dataSet ls:city-of-redacre-spending.
?obs lso:city-of-redacre-spending-to ?division.
?obs lso:city-of-redacre-spending-amount ?amount.
}","select distinct(?v2104341141) 
{
?obs qb:dataSet <http://linkedspending.aksw.org/instance/city-of-redacre-spending>. ?obs a qb:Observation.
 ?obs <http://linkedspending.aksw.org/ontology/city-of-redacre-spending-to> ?v2104341141.
}",0.0,0.0,0.0
19,wandsworthspending_2013,What is the total Wandsworth spending from all departments?,"select sum(xsd:decimal(?amount)) as ?amount from <http://linkedspending.aksw.org/wandsworthspending_2013>
{
?obs qb:dataSet ls:wandsworthspending_2013.
?obs lso:wandsworthspending_2013-Department ?dep.
?obs lso:wandsworthspending_2013-amount ?amount.
}","select SUM(distinct(?v378097235)) 
{
 ?obs  <http://linkedspending.aksw.org/ontology/wandsworthspending_2013-SupplierName> ""SHAD WANDSWORTH"". ?obs qb:dataSet <http://linkedspending.aksw.org/instance/wandsworthspending_2013>. ?obs a qb:Observation.
 ?obs <http://linkedspending.aksw.org/ontology/wandsworthspending_2013-Department> ?v378097235.?obs <http://linkedspending.aksw.org/ontology/wandsworthspending_2013-SupplierName> ?v1224438072.
}",0.0,0.0,0.0
20,wandsworthspending_2013,How much money Wandsworth spends on the criminal records bureau ?,"select sum(xsd:decimal(?amount)) as ?amount from <http://linkedspending.aksw.org/wandsworthspending_2013>
{
?obs qb:dataSet ls:wandsworthspending_2013.
?obs lso:wandsworthspending_2013-DetailedExpenses ""CRIMINAL RECORDS BUREAU"".
?obs lso:wandsworthspending_2013-amount ?amount.
}","select MIN(xsd:decimal(?v305653831)) 
{
?obs qb:dataSet <http://linkedspending.aksw.org/instance/wandsworthspending_2013>. ?obs a qb:Observation.
  ?obs  <http://linkedspending.aksw.org/ontology/wandsworthspending_2013-SupplierName> ""WANDSWORTH MENCAP"". ?obs <http://linkedspending.aksw.org/ontology/wandsworthspending_2013-amount> ?v305653831.?obs <http://linkedspending.aksw.org/ontology/wandsworthspending_2013-SupplierName> ?v1224438072.
}",0.0,0.0,0.0
21,iw-council-spending-2012-13-test,Top 10 IW Council Spending expense types?,"select ?et from <http://linkedspending.aksw.org/iw-council-spending-2012-13-test>
{
?obs qb:dataSet ls:iw-council-spending-2012-13-test.
?obs lso:iw-council-spending-2012-13-test-expensestype ?et.
?obs lso:iw-council-spending-2012-13-test-amount ?amount.
} order by desc(sum(xsd:decimal(?amount))) limit 10","select distinct(?v2076539265) 
{
?obs qb:dataSet <http://linkedspending.aksw.org/instance/iw-council-spending-2012-13-test>. ?obs a qb:Observation.
 ?obs <http://linkedspending.aksw.org/ontology/iw-council-spending-2012-13-test-suppliername> <https://openspending.org/iw-council-spending-2012-13-test/suppliername/iow-council>. ?obs <http://linkedspending.aksw.org/ontology/iw-council-spending-2012-13-test-expensestype> ?v2076539265.?obs <http://linkedspending.aksw.org/ontology/iw-council-spending-2012-13-test-suppliername> ?v1494394109.?obs <http://linkedspending.aksw.org/ontology/iw-council-spending-2012-13-test-amount> ?v582741508.
}order by DESC(sum(xsd:decimal(?v582741508))) limit 10",0.0,0.0,0.0
22,iw-council-spending-2012-13-test,Which IW Council service area has the highest spending?,"select ?area from <http://linkedspending.aksw.org/iw-council-spending-2012-13-test>
{
?obs qb:dataSet ls:iw-council-spending-2012-13-test.
?obs lso:iw-council-spending-2012-13-test-servicearea ?area.
?obs lso:iw-council-spending-2012-13-test-amount ?amount.
} order by desc(sum(xsd:decimal(?amount))) limit 1","select distinct(?v1561281174) 
{
?obs qb:dataSet <http://linkedspending.aksw.org/instance/iw-council-spending-2012-13-test>. ?obs a qb:Observation.
 ?obs <http://linkedspending.aksw.org/ontology/iw-council-spending-2012-13-test-suppliername> <https://openspending.org/iw-council-spending-2012-13-test/suppliername/iow-council>. ?obs <http://linkedspending.aksw.org/ontology/iw-council-spending-2012-13-test-servicearea> ?v1561281174.?obs <http://linkedspending.aksw.org/ontology/iw-council-spending-2012-13-test-suppliername> ?v1494394109.?obs <http://linkedspending.aksw.org/ontology/iw-council-spending-2012-13-test-amount> ?v582741508.
}order by DESC(sum(xsd:decimal(?v582741508))) limit 1",0.0,0.0,0.0
23,city-of-springfield-budget,Which departments of the city of Springfield had a higher budget in 2005 then in 2006?,"select ?dep
{ 
 select ?dep sum(xsd:decimal(?amount5)) as ?sum5 sum(xsd:decimal(?amount6)) as ?sum6
 from <http://linkedspending.aksw.org/city-of-springfield-budget>
 {
 ?obs qb:dataSet ls:city-of-springfield-budget.
 ?obs lso:city-of-springfield-budget-to ?dep.
 {
 ?obs lso:city-of-springfield-budget-amount ?amount5.
 ?obs lso:refYear ?year5.
 filter(year(?year5)=2005).
 }
 union
 {
 ?obs lso:city-of-springfield-budget-amount ?amount6.
 ?obs lso:refYear ?year6.
 filter(year(?year6)=2006).
 }
 } 
} group by ?dep having(?sum5>?sum6)","select distinct(?v800550427) 
{
 ?obs  <http://linkedspending.aksw.org/ontology/refDate> ""2005""^^<http://www.w3.org/2001/XMLSchema#date>.  ?obs  <http://linkedspending.aksw.org/ontology/refYear> ?v48.
filter(year(?v48)=2006). ?obs qb:dataSet <http://linkedspending.aksw.org/instance/city-of-springfield-budget>. ?obs a qb:Observation.
 ?obs <http://linkedspending.aksw.org/ontology/city-of-springfield-budget-to> ?v800550427.?obs <http://linkedspending.aksw.org/ontology/refDate> ?v282216435.?obs <http://linkedspending.aksw.org/ontology/refYear> ?v281587556.
}",0.0,0.0,0.0
24,city-of-springfield-budget,What is the highest single budget amount in the city of Springfield for public works?,"select max(xsd:decimal(?amount)) from <http://linkedspending.aksw.org/city-of-springfield-budget>
{
?obs qb:dataSet ls:city-of-springfield-budget.
?obs lso:city-of-springfield-budget-deptgroup <https://openspending.org/city-of-springfield-budget/deptgroup/public-works>.
?obs lso:city-of-springfield-budget-amount ?amount.
}","select SUM(xsd:decimal(?v1803083768)) 
{
?obs <http://linkedspending.aksw.org/ontology/city-of-springfield-budget-deptgroup> <https://openspending.org/city-of-springfield-budget/deptgroup/public-works>. ?obs qb:dataSet <http://linkedspending.aksw.org/instance/city-of-springfield-budget>. ?obs a qb:Observation.
 ?obs <http://linkedspending.aksw.org/ontology/city-of-springfield-budget-amount> ?v1803083768.?obs <http://linkedspending.aksw.org/ontology/city-of-springfield-budget-deptgroup> ?v1475012538.
}order by DESC(sum(xsd:decimal(?v1803083768))) limit 1",0.0,0.0,0.0
25,pscs_ca_cities,How many percent of the amount spent on Californian cities in 2010 went to Fullerton?,"select ?sum_fullerton/?sum_all
{
select sum(xsd:decimal(?fullerton)) as ?sum_fullerton sum(xsd:decimal(?all)) as ?sum_all
from <http://linkedspending.aksw.org/pscs_ca_cities>
{
?obs qb:dataSet ls:pscs_ca_cities.
{
?obs lso:pscs_ca_cities-gov-full-name ""Fullerton"".
?obs lso:pscs_ca_cities-amount ?fullerton.
}
union 
{
?obs lso:pscs_ca_cities-amount ?all.
}
}
}","select SUM(xsd:decimal(?v572496269)) 
{
 ?obs  <http://linkedspending.aksw.org/ontology/pscs_ca_cities-gov-full-name> ""Fullerton"".  ?obs  <http://linkedspending.aksw.org/ontology/pscs_ca_cities-amount> ""2010""^^<http://www.w3.org/2001/XMLSchema#float>. ?obs qb:dataSet <http://linkedspending.aksw.org/instance/pscs_ca_cities>. ?obs a qb:Observation.
 ?obs <http://linkedspending.aksw.org/ontology/pscs_ca_cities-amount> ?v572496269.?obs <http://linkedspending.aksw.org/ontology/pscs_ca_cities-gov-full-name> ?v32622065.
}",0.0,0.0,0.0
26,pscs_ca_cities,How many categories are there for californian cities?,"select count(distinct(?category)) from <http://linkedspending.aksw.org/pscs_ca_cities>
{
?obs qb:dataSet ls:pscs_ca_cities.
?obs lso:pscs_ca_cities-caption ?category.
}","select COUNT(distinct(?v864831275)) 
{
?obs qb:dataSet <http://linkedspending.aksw.org/instance/pscs_ca_cities>. ?obs a qb:Observation.
 ?obs <http://linkedspending.aksw.org/ontology/pscs_ca_cities-caption> ?v864831275.
}",1.0,1.0,1.0
27,dc-city-salaries,What was the highest Washington DC employee salary in 2011?,"select max(xsd:decimal(?amount)) from <http://linkedspending.aksw.org/dc-city-salaries>
{
?obs qb:dataSet ls:dc-city-salaries.
?obs lso:dc-city-salaries-amount ?amount.
?obs lso:refYear ?year.
filter(year(?year)=2011).
}","select SUM(xsd:decimal(?v958132427)) 
{
?obs qb:dataSet <http://linkedspending.aksw.org/instance/dc-city-salaries>. ?obs a qb:Observation.
  ?obs  <http://linkedspending.aksw.org/ontology/refYear> ?v61.
filter(year(?v61)=2011). ?obs <http://linkedspending.aksw.org/ontology/dc-city-salaries-to> <https://openspending.org/dc-city-salaries/to/salako>. ?obs <http://linkedspending.aksw.org/ontology/dc-city-salaries-amount> ?v958132427.?obs <http://linkedspending.aksw.org/ontology/refYear> ?v281587556.?obs <http://linkedspending.aksw.org/ontology/dc-city-salaries-to> ?v571620392.
}order by DESC(sum(xsd:decimal(?v958132427))) limit 1",0.0,0.0,0.0
28,dc-city-salaries,What is the average salary of an Engineering Technician in Washington DC?,"select avg(xsd:decimal(?amount)) from <http://linkedspending.aksw.org/dc-city-salaries>
{
?obs qb:dataSet ls:dc-city-salaries.
?obs lso:dc-city-salaries-amount ?amount.
?obs lso:dc-city-salaries-position ""Engineering Technician"".
}","select AVG(xsd:decimal(?v958132427)) 
{
?obs qb:dataSet <http://linkedspending.aksw.org/instance/dc-city-salaries>. ?obs a qb:Observation.
  ?obs  <http://linkedspending.aksw.org/ontology/dc-city-salaries-position> ""Engineering Technician"". ?obs <http://linkedspending.aksw.org/ontology/dc-city-salaries-to> <https://openspending.org/dc-city-salaries/to/salako>.  ?obs  <http://linkedspending.aksw.org/ontology/dc-city-salaries-first> ""Washington"". ?obs <http://linkedspending.aksw.org/ontology/dc-city-salaries-amount> ?v958132427.?obs <http://linkedspending.aksw.org/ontology/dc-city-salaries-position> ?v608703686.?obs <http://linkedspending.aksw.org/ontology/dc-city-salaries-first> ?v389235763.?obs <http://linkedspending.aksw.org/ontology/dc-city-salaries-to> ?v571620392.
}",0.0,0.0,0.0
29,big-lottery-fund-grants,What was the amount recieved by King George's Field from Big Lottery Fund grants?,"select xsd:decimal(?amount) from <http://linkedspending.aksw.org/big-lottery-fund-grants>
{
?obs qb:dataSet ls:big-lottery-fund-grants.
?obs lso:big-lottery-fund-grants-amount ?amount.
?obs lso:big-lottery-fund-grants-to <https://openspending.org/big-lottery-fund-grants/to/king-george-s-field>.
}","select SUM(xsd:decimal(?v1388568139)) 
{
?obs <http://linkedspending.aksw.org/ontology/big-lottery-fund-grants-to> <https://openspending.org/big-lottery-fund-grants/to/king-george-s-field>. ?obs qb:dataSet <http://linkedspending.aksw.org/instance/big-lottery-fund-grants>. ?obs a qb:Observation.
 ?obs <http://linkedspending.aksw.org/ontology/big-lottery-fund-grants-amount> ?v1388568139.?obs <http://linkedspending.aksw.org/ontology/big-lottery-fund-grants-to> ?v151817710.
}",1.0,1.0,1.0
30,big-lottery-fund-grants,Over which programmes more than 1000000 pound but less than 10000000 pound in grants were given by the Big Lottery Fund?,"select ?programme from <http://linkedspending.aksw.org/big-lottery-fund-grants>
{
?obs qb:dataSet ls:big-lottery-fund-grants.
?obs lso:big-lottery-fund-grants-programme-name ?programme.
?obs lso:big-lottery-fund-grants-amount ?amount.
}
group by ?programme
having (sum(xsd:decimal(?amount))>1000000&&sum(xsd:decimal(?amount))<10000000)","select SUM(xsd:decimal(?v1388568139)) 
{
?obs <http://linkedspending.aksw.org/ontology/big-lottery-fund-grants-to> <https://openspending.org/big-lottery-fund-grants/to/heritage-lottery-fund>.  ?obs  <http://linkedspending.aksw.org/ontology/big-lottery-fund-grants-charity-number> ""1000011"".  ?obs  <http://linkedspending.aksw.org/ontology/big-lottery-fund-grants-amount> ""10000000""^^<http://www.w3.org/2001/XMLSchema#float>. ?obs qb:dataSet <http://linkedspending.aksw.org/instance/big-lottery-fund-grants>. ?obs a qb:Observation.
 ?obs <http://linkedspending.aksw.org/ontology/big-lottery-fund-grants-amount> ?v1388568139.?obs <http://linkedspending.aksw.org/ontology/big-lottery-fund-grants-charity-number> ?v72746991.?obs <http://linkedspending.aksw.org/ontology/big-lottery-fund-grants-to> ?v151817710.
}",0.0,0.0,0.0
31,uk-local-gloucestershirev1,On which service areas of Gloucestershire was spent more than 1000000 pound in total?,"select ?area from <http://linkedspending.aksw.org/uk-local-gloucestershirev1>
{
?obs qb:dataSet ls:uk-local-gloucestershirev1.
?obs lso:uk-local-gloucestershirev1-service-area ?area.
?obs lso:uk-local-gloucestershirev1-amount ?amount.
}
group by ?area
having (sum(xsd:decimal(?amount))>1000000)","select SUM(distinct(?v278762128)) 
{
?obs <http://linkedspending.aksw.org/ontology/uk-local-gloucestershirev1-from> <https://openspending.org/uk-local-gloucestershirev1/from/gloucestershire-pct>.  ?obs  <http://linkedspending.aksw.org/ontology/uk-local-gloucestershirev1-amount> ""1000000""^^<http://www.w3.org/2001/XMLSchema#float>. ?obs qb:dataSet <http://linkedspending.aksw.org/instance/uk-local-gloucestershirev1>. ?obs a qb:Observation.
 ?obs <http://linkedspending.aksw.org/ontology/uk-local-gloucestershirev1-service-area> ?v278762128.?obs <http://linkedspending.aksw.org/ontology/uk-local-gloucestershirev1-from> ?v681135979.?obs <http://linkedspending.aksw.org/ontology/uk-local-gloucestershirev1-amount> ?v1884398973.
}",0.0,0.0,0.0
32,uk-local-gloucestershirev1,How much money did the Gloucestershire Police Authority receive?,"select sum(xsd:decimal(?amount)) from <http://linkedspending.aksw.org/uk-local-gloucestershirev1>
{
?obs qb:dataSet ls:uk-local-gloucestershirev1.
?obs lso:uk-local-gloucestershirev1-to <https://openspending.org/uk-local-gloucestershirev1/to/gloucestershire-police-authority>.
?obs lso:uk-local-gloucestershirev1-amount ?amount.
}","select SUM(xsd:decimal(?v1884398973)) 
{
?obs <http://linkedspending.aksw.org/ontology/uk-local-gloucestershirev1-to> <https://openspending.org/uk-local-gloucestershirev1/to/gloucestershire-police-authority>. ?obs <http://linkedspending.aksw.org/ontology/uk-local-gloucestershirev1-from> <https://openspending.org/uk-local-gloucestershirev1/from/gloucestershire-pct>. ?obs qb:dataSet <http://linkedspending.aksw.org/instance/uk-local-gloucestershirev1>. ?obs a qb:Observation.
 ?obs <http://linkedspending.aksw.org/ontology/uk-local-gloucestershirev1-amount> ?v1884398973.?obs <http://linkedspending.aksw.org/ontology/uk-local-gloucestershirev1-from> ?v681135979.?obs <http://linkedspending.aksw.org/ontology/uk-local-gloucestershirev1-to> ?v1934485030.
}",0.0,0.0,0.0
33,ukgov-finances-cra,How much did the department for education pay for extra education services in Scotland?,"select sum(xsd:decimal(?amount)) from <http://linkedspending.aksw.org/ukgov-finances-cra>
{
?obs qb:dataSet ls:ukgov-finances-cra.
?obs lso:ukgov-finances-cra-region <https://openspending.org/ukgov-finances-cra/region/scotland>.
?obs lso:ukgov-finances-cra-cofog2 <https://openspending.org/ukgov-finances-cra/cofog2/09.6>.
?obs lso:ukgov-finances-cra-from <https://openspending.org/ukgov-finances-cra/from/Dept022>.
?obs lso:ukgov-finances-cra-amount ?amount.
}","select SUM(xsd:decimal(?v2041116222)) 
{
?obs <http://linkedspending.aksw.org/ontology/ukgov-finances-cra-cofog2> <https://openspending.org/ukgov-finances-cra/cofog2/09.6>. ?obs qb:dataSet <http://linkedspending.aksw.org/instance/ukgov-finances-cra>. ?obs a qb:Observation.
 ?obs <http://linkedspending.aksw.org/ontology/ukgov-finances-cra-cofog1> <https://openspending.org/ukgov-finances-cra/cofog1/09>. ?obs <http://linkedspending.aksw.org/ontology/ukgov-finances-cra-pog> <https://openspending.org/ukgov-finances-cra/pog/PSX%20S151102>. ?obs <http://linkedspending.aksw.org/ontology/ukgov-finances-cra-amount> ?v2041116222.?obs <http://linkedspending.aksw.org/ontology/ukgov-finances-cra-pog> ?v401163810.?obs <http://linkedspending.aksw.org/ontology/ukgov-finances-cra-cofog2> ?v2099947398.?obs <http://linkedspending.aksw.org/ontology/ukgov-finances-cra-cofog1> ?v2099947397.
}",0.0,0.0,0.0
34,ukgov-finances-cra,What HTM functions are paid from the department for education the UK?,"select distinct(?function) from <http://linkedspending.aksw.org/ukgov-finances-cra>
{
?obs qb:dataSet ls:ukgov-finances-cra.
?obs lso:ukgov-finances-cra-hmt1 ?function.
?obs lso:ukgov-finances-cra-from <https://openspending.org/ukgov-finances-cra/from/Dept047>.
}","select SUM(xsd:decimal(?v2041116222)) 
{
?obs <http://linkedspending.aksw.org/ontology/ukgov-finances-cra-hmt1> <https://openspending.org/ukgov-finances-cra/hmt1/9-education>. ?obs qb:dataSet <http://linkedspending.aksw.org/instance/ukgov-finances-cra>. ?obs a qb:Observation.
 ?obs <http://linkedspending.aksw.org/ontology/ukgov-finances-cra-amount> ?v2041116222.?obs <http://linkedspending.aksw.org/ontology/ukgov-finances-cra-hmt1> ?v449063576.
}",0.0,0.0,0.0
35,iati_cordaid_af,What are the activity statuses of basic health care in Urozgan?,"select distinct(?status) from <http://linkedspending.aksw.org/iati_cordaid_af>
{
?obs qb:dataSet ls:iati_cordaid_af.
?obs lso:iati_cordaid_af-Unique <https://openspending.org/iati_cordaid_af/Unique/195>.
?obs lso:iati_cordaid_af-Activity_Status ?status. 
}","select SUM(xsd:decimal(?v458753)) 
{
?obs <http://linkedspending.aksw.org/ontology/iati_cordaid_af-Unique> <https://openspending.org/iati_cordaid_af/Unique/195>. ?obs qb:dataSet <http://linkedspending.aksw.org/instance/iati_cordaid_af>. ?obs a qb:Observation.
 ?obs <http://linkedspending.aksw.org/ontology/iati_cordaid_af-amount> ?v458753.?obs <http://linkedspending.aksw.org/ontology/iati_cordaid_af-Unique> ?v342349926.
}",0.0,0.0,0.0
36,iati_cordaid_af,What is the total amount of basic nutrition aid by Cordaid in Afghanistan?,"select sum(xsd:decimal(?amount)) from <http://linkedspending.aksw.org/iati_cordaid_af>
{
?obs qb:dataSet ls:iati_cordaid_af.
?obs lso:iati_cordaid_af-Sector <https://openspending.org/iati_cordaid_af/Sector/12240>.
?obs lso:iati_cordaid_af-amount ?amount.
}","select SUM(xsd:decimal(?v458753)) 
{
?obs qb:dataSet <http://linkedspending.aksw.org/instance/iati_cordaid_af>. ?obs a qb:Observation.
 ?obs <http://linkedspending.aksw.org/ontology/iati_cordaid_af-amount> ?v458753.
}",0.0,0.0,0.0
37,ca-local-toronto,What was the total Outlook on Technical Services in City of Toronto in 2009?,"select sum(xsd:decimal(?amount)) from <http://linkedspending.aksw.org/ca-local-toronto>
{
?obs qb:dataSet ls:ca-local-toronto.
?obs lso:ca-local-toronto-division ""Technical Services"".
?obs lso:ca-local-toronto-amount ?amount.
?obs lso:refYear ?year.
filter(year(?year)=2009).
}","select SUM(xsd:decimal(?v1675406266)) 
{
 ?obs  <http://linkedspending.aksw.org/ontology/ca-local-toronto-division> ""Technical Services"".  ?obs  <http://linkedspending.aksw.org/ontology/ca-local-toronto-budget-type> ""Outlook"".  ?obs  <http://linkedspending.aksw.org/ontology/refYear> ?v93.
filter(year(?v93)=2009). ?obs qb:dataSet <http://linkedspending.aksw.org/instance/ca-local-toronto>. ?obs a qb:Observation.
 ?obs <http://linkedspending.aksw.org/ontology/ca-local-toronto-key> ?v1675406266.?obs <http://linkedspending.aksw.org/ontology/ca-local-toronto-budget-type> ?v440837033.?obs <http://linkedspending.aksw.org/ontology/ca-local-toronto-division> ?v1301549862.?obs <http://linkedspending.aksw.org/ontology/refYear> ?v281587556.
}",0.0,0.0,0.0
38,ca-local-toronto,How many divisions of the City of Toronto received more than 10000000 canadian dollar in 2010?,"select ?division from <http://linkedspending.aksw.org/ca-local-toronto>
{
?obs qb:dataSet ls:ca-local-toronto.
?obs lso:ca-local-toronto-division ?division.
?obs lso:ca-local-toronto-amount ?amount.
?obs lso:refYear ?year.
filter(year(?year)=2010).
} group by ?division
having (sum(xsd:decimal(?amount)) > 10000000)","select SUM(xsd:decimal(?v1675406266)) 
{
?obs <http://linkedspending.aksw.org/ontology/ca-local-toronto-division> ?v1301549862.  ?obs  <http://linkedspending.aksw.org/ontology/refYear> ?v100.
filter(year(?v100)=2010). filter(?v1301549862 > ""1.0E7"").  ?obs qb:dataSet <http://linkedspending.aksw.org/instance/ca-local-toronto>. ?obs a qb:Observation.
 ?obs <http://linkedspending.aksw.org/ontology/ca-local-toronto-key> ?v1675406266.?obs <http://linkedspending.aksw.org/ontology/ca-local-toronto-division> ?v1301549862.?obs <http://linkedspending.aksw.org/ontology/refYear> ?v281587556.
}",0.0,0.0,0.0
39,ie_charity_exp,How much did the Sightsavers charity in Ireland pay in total?,"select sum(xsd:decimal(?amount)) as ?sum from <http://linkedspending.aksw.org/ie_charity_exp>
{
?obs qb:dataSet ls:ie_charity_exp.
?obs lso:ie_charity_exp-Charity <https://openspending.org/ie_charity_exp/Charity/15437>. 
?obs lso:ie_charity_exp-amount ?amount.
}","select SUM(xsd:decimal(?v1266113342)) 
{
?obs qb:dataSet <http://linkedspending.aksw.org/instance/ie_charity_exp>. ?obs a qb:Observation.
 ?obs <http://linkedspending.aksw.org/ontology/ie_charity_exp-Charity> <https://openspending.org/ie_charity_exp/Charity/15437>. ?obs <http://linkedspending.aksw.org/ontology/ie_charity_exp-amount> ?v1266113342.?obs <http://linkedspending.aksw.org/ontology/ie_charity_exp-Charity> ?v416667822.
}",1.0,1.0,1.0
40,ie_charity_exp,How much money does the Special Olympics Ireland charity spend on generating funds?,"select sum(xsd:decimal(?amount)) as ?sum from <http://linkedspending.aksw.org/ie_charity_exp>
{
?obs qb:dataSet ls:ie_charity_exp.
?obs lso:ie_charity_exp-Charity <https://openspending.org/ie_charity_exp/Charity/7556>. 
?obs lso:ie_charity_exp-Level3 <https://openspending.org/ie_charity_exp/Level3/b1-5100>.
?obs lso:ie_charity_exp-amount ?amount.
}","select distinct(?v416667822) 
{
 ?obs  <http://linkedspending.aksw.org/ontology/ie_charity_exp-Level4> ""Charity"". ?obs qb:dataSet <http://linkedspending.aksw.org/instance/ie_charity_exp>. ?obs a qb:Observation.
 ?obs <http://linkedspending.aksw.org/ontology/ie_charity_exp-Charity> ?v416667822.?obs <http://linkedspending.aksw.org/ontology/ie_charity_exp-Level4> ?v657706038.
}",0.0,0.0,0.0
41,frontex,What is the frontex budget for administrative expenditure?,"select sum(xsd:decimal(?amount)) as ?sum from <http://linkedspending.aksw.org/frontex>
{
?obs qb:dataSet ls:frontex.
?obs lso:frontex-Heading <https://openspending.org/frontex/Heading/a-2>.
?obs lso:frontex-amount ?amount.
}","select MIN(xsd:decimal(?v1958574083)) 
{
?obs qb:dataSet <http://linkedspending.aksw.org/instance/frontex>. ?obs a qb:Observation.
 ?obs <http://linkedspending.aksw.org/ontology/frontex-amount> ?v1958574083.
}",0.0,0.0,0.0
42,frontex,What is the average frontex budget chapter budget?,"select avg(?sum)
{
select ?chapter sum(xsd:decimal(?amount)) as ?sum from <http://linkedspending.aksw.org/frontex>
{
?obs qb:dataSet ls:frontex.
?obs lso:frontex-Chapter ?chapter.
?obs lso:frontex-amount ?amount.
}
}","select AVG(distinct(?v1597779672)) 
{
?obs qb:dataSet <http://linkedspending.aksw.org/instance/frontex>. ?obs a qb:Observation.
 ?obs <http://linkedspending.aksw.org/ontology/frontex-Chapter> ?v1597779672.
}",0.0,0.0,0.0
43,dcc_exp_budget2013,What was the largest amount spent on housing and building in the Dublin City Council Expenditure Budget of 2013?,"select max(xsd:decimal(?amount)) as ?sum from <http://linkedspending.aksw.org/dcc_exp_budget2013>
{
?obs qb:dataSet ls:dcc_exp_budget2013.
?obs lso:dcc_exp_budget2013-Division <https://openspending.org/dcc_exp_budget2013/Division/a>.
?obs lso:dcc_exp_budget2013-amount ?amount.
}","select SUM(xsd:decimal(?v1954617295)) 
{
?obs qb:dataSet <http://linkedspending.aksw.org/instance/dcc_exp_budget2013>. ?obs a qb:Observation.
 ?obs <http://linkedspending.aksw.org/ontology/dcc_exp_budget2013-amount> ?v1954617295.
}order by DESC(sum(xsd:decimal(?v1954617295))) limit 1",0.0,0.0,0.0
44,dcc_exp_budget2013,How much was the budget amount of the Dublin City Council in 2013?,"select sum(xsd:decimal(?amount)) as ?sum from <http://linkedspending.aksw.org/dcc_exp_budget2013>
{
?obs qb:dataSet ls:dcc_exp_budget2013.
?obs lso:dcc_exp_budget2013-amount ?amount.
}","select SUM(xsd:decimal(?v1954617295)) 
{
?obs qb:dataSet <http://linkedspending.aksw.org/instance/dcc_exp_budget2013>. ?obs a qb:Observation.
  ?obs  <http://linkedspending.aksw.org/ontology/dcc_exp_budget2013-amount> ""2013""^^<http://www.w3.org/2001/XMLSchema#float>. ?obs <http://linkedspending.aksw.org/ontology/dcc_exp_budget2013-amount> ?v1954617295.
}",0.0,0.0,0.0
45,financial_aid,How much financial crisis aid did Austria receive in Guaranetees?,"select sum(xsd:decimal(?amount)) as ?sum from <http://linkedspending.aksw.org/financial_aid>
{
?obs qb:dataSet ls:financial_aid.
?obs lso:financial_aid-amount ?amount.
?obs lso:financial_aid-country <https://openspending.org/financial_aid/country/austria>.
}","select distinct(?v151120289) 
{
?obs <http://linkedspending.aksw.org/ontology/financial_aid-country> <https://openspending.org/financial_aid/country/austria>. ?obs qb:dataSet <http://linkedspending.aksw.org/instance/financial_aid>. ?obs a qb:Observation.
 ?obs <http://linkedspending.aksw.org/ontology/financial_aid-aid> ?v151120289.?obs <http://linkedspending.aksw.org/ontology/financial_aid-country> ?v235991685.
}",0.0,0.0,0.0
46,financial_aid,How much financial crisis aid did Belgium receive in the year of 2011?,"select sum(xsd:decimal(?amount)) as ?sum from <http://linkedspending.aksw.org/financial_aid>
{
?obs qb:dataSet ls:financial_aid.
?obs lso:financial_aid-amount ?amount.
?obs lso:financial_aid-country <https://openspending.org/financial_aid/country/belgium>.
?obs lso:refYear ?year.
filter(year(?year)=2011).
}","select distinct(?v151120289) 
{
 ?obs  <http://linkedspending.aksw.org/ontology/refYear> ?v108.
filter(year(?v108)=2011). ?obs qb:dataSet <http://linkedspending.aksw.org/instance/financial_aid>. ?obs a qb:Observation.
 ?obs <http://linkedspending.aksw.org/ontology/financial_aid-country> <https://openspending.org/financial_aid/country/belgium>. ?obs <http://linkedspending.aksw.org/ontology/financial_aid-aid> ?v151120289.?obs <http://linkedspending.aksw.org/ontology/financial_aid-country> ?v235991685.?obs <http://linkedspending.aksw.org/ontology/refYear> ?v281587556.
}",0.0,0.0,0.0
47,concern2012,How much was charity spending was expended for charitable activities in Bangladesh?,"select sum(xsd:decimal(?amount)) as ?sum from <http://linkedspending.aksw.org/concern2012>
{
?obs qb:dataSet ls:concern2012.
?obs lso:concern2012-Level1 <https://openspending.org/concern2012/Level1/expended>.
?obs lso:concern2012-Level3 <https://openspending.org/concern2012/Level3/charitable-activities>.
?obs lso:concern2012-Level4 <https://openspending.org/concern2012/Level4/bangladesh>.
?obs lso:concern2012-amount ?amount.
}","select distinct(?v1322853462) 
{
?obs <http://linkedspending.aksw.org/ontology/concern2012-Level1> <https://openspending.org/concern2012/Level1/expended>. ?obs <http://linkedspending.aksw.org/ontology/concern2012-Level3> <https://openspending.org/concern2012/Level3/charitable-activities>. ?obs qb:dataSet <http://linkedspending.aksw.org/instance/concern2012>. ?obs a qb:Observation.
 ?obs <http://linkedspending.aksw.org/ontology/concern2012-Level2> <https://openspending.org/concern2012/Level2/b2-charity>. ?obs <http://linkedspending.aksw.org/ontology/concern2012-Level4> <https://openspending.org/concern2012/Level4/bangladesh>. ?obs <http://linkedspending.aksw.org/ontology/concern2012-Charity> ?v1322853462.?obs <http://linkedspending.aksw.org/ontology/concern2012-Level4> ?v1225843022.?obs <http://linkedspending.aksw.org/ontology/concern2012-Level3> ?v1225843023.?obs <http://linkedspending.aksw.org/ontology/concern2012-Level2> ?v1225843024.?obs <http://linkedspending.aksw.org/ontology/concern2012-Level1> ?v1225843025.
}",0.0,0.0,0.0
48,concern2012,What is the total cost of generating funds for public appeals events?,"select sum(xsd:decimal(?amount)) as ?sum from <http://linkedspending.aksw.org/concern2012>
{
?obs qb:dataSet ls:concern2012.
?obs lso:concern2012-Level3 <https://openspending.org/concern2012/Level3/costs-of-generating-funds>.
?obs lso:concern2012-Level4 <https://openspending.org/concern2012/Level4/public-appeals-events>.
?obs lso:concern2012-amount ?amount.
}","select SUM(xsd:decimal(?v617435718)) 
{
?obs qb:dataSet <http://linkedspending.aksw.org/instance/concern2012>. ?obs a qb:Observation.
 ?obs <http://linkedspending.aksw.org/ontology/concern2012-Level4> <https://openspending.org/concern2012/Level4/public-appeals-events>. ?obs <http://linkedspending.aksw.org/ontology/concern2012-amount> ?v617435718.?obs <http://linkedspending.aksw.org/ontology/concern2012-Level4> ?v1225843022.
}",1.0,1.0,1.0
49,dc-vendors-contractors,What is the amount given by the Department of Health to VWR International LLC?,"select sum(xsd:decimal(?amount)) as ?sum from <http://linkedspending.aksw.org/dc-vendors-contractors>
{
?obs qb:dataSet ls:dc-vendors-contractors.
?obs lso:dc-vendors-contractors-from <https://openspending.org/dc-vendors-contractors/from/department-of-health>.
?obs lso:dc-vendors-contractors-to <https://openspending.org/dc-vendors-contractors/to/vwr-international-llc>.
?obs lso:dc-vendors-contractors-amount ?amount.
}","select SUM(xsd:decimal(?v525807491)) 
{
?obs <http://linkedspending.aksw.org/ontology/dc-vendors-contractors-to> <https://openspending.org/dc-vendors-contractors/to/vwr-international-llc>. ?obs qb:dataSet <http://linkedspending.aksw.org/instance/dc-vendors-contractors>. ?obs a qb:Observation.
 ?obs <http://linkedspending.aksw.org/ontology/dc-vendors-contractors-amount> ?v525807491.?obs <http://linkedspending.aksw.org/ontology/dc-vendors-contractors-to> ?v2057911078.
}",0.0,0.0,0.0
50,dc-vendors-contractors,How much was given in total to the Riverside Publishing vendor for educational purposes.,"select sum(xsd:decimal(?amount)) as ?sum from <http://linkedspending.aksw.org/dc-vendors-contractors>
{
?obs qb:dataSet ls:dc-vendors-contractors.
?obs lso:dc-vendors-contractors-objecttitle <https://openspending.org/dc-vendors-contractors/objecttitle/educational>.
?obs lso:dc-vendors-contractors-to <https://openspending.org/dc-vendors-contractors/to/the-riverside-publishing>.
?obs lso:dc-vendors-contractors-amount ?amount.
}","select SUM(xsd:decimal(?v525807491)) 
{
?obs <http://linkedspending.aksw.org/ontology/dc-vendors-contractors-objecttitle> <https://openspending.org/dc-vendors-contractors/objecttitle/educational>. ?obs qb:dataSet <http://linkedspending.aksw.org/instance/dc-vendors-contractors>. ?obs a qb:Observation.
 ?obs <http://linkedspending.aksw.org/ontology/dc-vendors-contractors-to> <https://openspending.org/dc-vendors-contractors/to/mondo-publishing>. ?obs <http://linkedspending.aksw.org/ontology/dc-vendors-contractors-amount> ?v525807491.?obs <http://linkedspending.aksw.org/ontology/dc-vendors-contractors-objecttitle> ?v184970706.?obs <http://linkedspending.aksw.org/ontology/dc-vendors-contractors-to> ?v2057911078.
}",0.0,0.0,0.0
51,cameroon_visualisation,What was the highest amount for materials and supplies used in Cameroon in 2008?,"select sum(xsd:decimal(?amount)) as ?sum from <http://linkedspending.aksw.org/cameroon_visualisation>
{
?obs qb:dataSet ls:cameroon_visualisation.
?obs lso:cameroon_visualisation-head_account <https://openspending.org/cameroon_visualisation/head_account/610-xxx>.
?obs lso:cameroon_visualisation-amount ?amount.
?obs lso:refYear ?year.
filter(year(?year)=2008).
}","select SUM(xsd:decimal(?v776508013)) 
{
?obs qb:dataSet <http://linkedspending.aksw.org/instance/cameroon_visualisation>. ?obs a qb:Observation.
 ?obs <http://linkedspending.aksw.org/ontology/cameroon_visualisation-amount> ?v776508013.
}order by DESC(sum(xsd:decimal(?v776508013))) limit 1",0.0,0.0,0.0
52,cameroon_visualisation,How much is the total expenditure of the Tigerne Council in Cameroon?,"select sum(xsd:decimal(?amount)) as ?sum from <http://linkedspending.aksw.org/cameroon_visualisation>
{
?obs qb:dataSet ls:cameroon_visualisation.
?obs lso:cameroon_visualisation-revenue_expenditure ""EXPENDITURE"".
?obs lso:cameroon_visualisation-council_name <https://openspending.org/cameroon_visualisation/council_name/tignere-council>.
?obs lso:cameroon_visualisation-amount ?amount.
}","select SUM(distinct(?v211803265)) 
{
?obs qb:dataSet <http://linkedspending.aksw.org/instance/cameroon_visualisation>. ?obs a qb:Observation.
 ?obs <http://linkedspending.aksw.org/ontology/cameroon_visualisation-revenue_expenditure> ?v211803265.
}",0.0,0.0,0.0
53,nominettrust_funding,When did London get Nominet Trust funding?,"select distinct(?date) from <http://linkedspending.aksw.org/nominettrust_funding>
{
?obs qb:dataSet ls:nominettrust_funding.
?obs lso:nominettrust_funding-region <https://openspending.org/nominettrust_funding/region/london>.
?obs lso:refDate ?date.
}","select MIN(xsd:decimal(?v1363340923)) 
{
?obs <http://linkedspending.aksw.org/ontology/nominettrust_funding-region> <https://openspending.org/nominettrust_funding/region/london>. ?obs qb:dataSet <http://linkedspending.aksw.org/instance/nominettrust_funding>. ?obs a qb:Observation.
 ?obs <http://linkedspending.aksw.org/ontology/nominettrust_funding-amount> ?v1363340923.?obs <http://linkedspending.aksw.org/ontology/nominettrust_funding-region> ?v1842398487.
}",0.0,0.0,0.0
54,nominettrust_funding,When did the Web in Society programme get Nominet Trust funding?,"select distinct(?date) from <http://linkedspending.aksw.org/nominettrust_funding>
{
?obs qb:dataSet ls:nominettrust_funding.
?obs lso:nominettrust_funding-programme <https://openspending.org/nominettrust_funding/programme/web-in-society>.
?obs lso:refDate ?date.
}","select MIN(distinct(?v463218201)) 
{
?obs qb:dataSet <http://linkedspending.aksw.org/instance/nominettrust_funding>. ?obs a qb:Observation.
 ?obs <http://linkedspending.aksw.org/ontology/nominettrust_funding-programme> ?v463218201.
}",0.0,0.0,0.0
55,618ac3ec98384f44a9ef142356ce476d,How much did Armenia spent in 2009 on general public services?,"select sum(xsd:decimal(?amount)) as ?sum from <http://linkedspending.aksw.org/618ac3ec98384f44a9ef142356ce476d>
{
?obs qb:dataSet ls:618ac3ec98384f44a9ef142356ce476d.
?obs lso:618ac3ec98384f44a9ef142356ce476d-cofog1 <https://openspending.org/618ac3ec98384f44a9ef142356ce476d/cofog1/01>.
?obs lso:618ac3ec98384f44a9ef142356ce476d-amount ?amount.
?obs lso:refYear ?year.
filter(year(?year)=2009).
}","select SUM(xsd:decimal(?v1499175240)) 
{
?obs qb:dataSet <http://linkedspending.aksw.org/instance/618ac3ec98384f44a9ef142356ce476d>. ?obs a qb:Observation.
  ?obs  <http://linkedspending.aksw.org/ontology/refYear> ?v130.
filter(year(?v130)=2009). ?obs <http://linkedspending.aksw.org/ontology/618ac3ec98384f44a9ef142356ce476d-cofog1> <https://openspending.org/618ac3ec98384f44a9ef142356ce476d/cofog1/01>. ?obs <http://linkedspending.aksw.org/ontology/618ac3ec98384f44a9ef142356ce476d-amount> ?v1499175240.?obs <http://linkedspending.aksw.org/ontology/618ac3ec98384f44a9ef142356ce476d-cofog1> ?v1440344065.?obs <http://linkedspending.aksw.org/ontology/refYear> ?v281587556.
}",1.0,1.0,1.0
56,618ac3ec98384f44a9ef142356ce476d,What are the budgetary classifications of running expenses in Armenia?,"select distinct(?type) from <http://linkedspending.aksw.org/618ac3ec98384f44a9ef142356ce476d>
{
?obs qb:dataSet ls:618ac3ec98384f44a9ef142356ce476d.
?obs lso:618ac3ec98384f44a9ef142356ce476d-type ?type.
?obs lso:618ac3ec98384f44a9ef142356ce476d-economiclevel1 ""Running expenses"".
}","select distinct(?v1500691866) 
{
?obs qb:dataSet <http://linkedspending.aksw.org/instance/618ac3ec98384f44a9ef142356ce476d>. ?obs a qb:Observation.
 ?obs <http://linkedspending.aksw.org/ontology/618ac3ec98384f44a9ef142356ce476d-type> ?v1500691866.
}",0.5,1.0,0.6666666666666666
57,propbudg13,"In Nigerias proposed budget of 2013, how much is assigned to total overhead costs?","select sum(xsd:decimal(?amount)) as ?sum from <http://linkedspending.aksw.org/propbudg13>
{
?obs qb:dataSet ls:propbudg13.
?obs lso:propbudg13-to <https://openspending.org/propbudg13/to/total-overhead-cost>.
?obs lso:propbudg13-amount ?amount.
}","select SUM(xsd:decimal(?v250814134)) 
{
 ?obs  <http://linkedspending.aksw.org/ontology/refDate> ""2013""^^<http://www.w3.org/2001/XMLSchema#date>. ?obs qb:dataSet <http://linkedspending.aksw.org/instance/propbudg13>. ?obs a qb:Observation.
 ?obs <http://linkedspending.aksw.org/ontology/propbudg13-amount> ?v250814134.?obs <http://linkedspending.aksw.org/ontology/refDate> ?v282216435.
}",0.0,0.0,0.0
58,propbudg13,How much did Nigernian Ministry of Petroleum Resources receive from ministries and department agencies?,"select sum(xsd:decimal(?amount)) as ?sum from <http://linkedspending.aksw.org/propbudg13>
{
?obs qb:dataSet ls:propbudg13.
?obs lso:propbudg13-from <https://openspending.org/propbudg13/from/ministries-and-department-agencies>.
?obs lso:propbudg13-recipient <https://openspending.org/propbudg13/recipient/ministry-of-petroleum-resources>.
?obs lso:propbudg13-amount ?amount.
}","select MIN(distinct(?v580590200)) 
{
?obs qb:dataSet <http://linkedspending.aksw.org/instance/propbudg13>. ?obs a qb:Observation.
 ?obs <http://linkedspending.aksw.org/ontology/propbudg13-recipient> <https://openspending.org/propbudg13/recipient/ministry-of-petroleum-resources>. ?obs <http://linkedspending.aksw.org/ontology/propbudg13-from> ?v580590200.?obs <http://linkedspending.aksw.org/ontology/propbudg13-recipient> ?v1065836805.
}",0.0,0.0,0.0
59,nyc-council-member-items,How much did the New York City Council Members give to the Gun Hill Basketball Association?,"select sum(xsd:decimal(?amount)) as ?sum from <http://linkedspending.aksw.org/nyc-council-member-items>
{
?obs qb:dataSet ls:nyc-council-member-items.
?obs lso:nyc-council-member-items-to <https://openspending.org/nyc-council-member-items/to/gun-hill-basketball-association-inc>.
?obs lso:nyc-council-member-items-amount ?amount.
}","select SUM(xsd:decimal(?v423094525)) 
{
?obs <http://linkedspending.aksw.org/ontology/nyc-council-member-items-to> <https://openspending.org/nyc-council-member-items/to/gun-hill-basketball-association-inc>. ?obs qb:dataSet <http://linkedspending.aksw.org/instance/nyc-council-member-items>. ?obs a qb:Observation.
 ?obs <http://linkedspending.aksw.org/ontology/nyc-council-member-items-amount> ?v423094525.?obs <http://linkedspending.aksw.org/ontology/nyc-council-member-items-to> ?v297394854.
}",1.0,1.0,1.0
60,nyc-council-member-items,"In how many years did Dickens give money to American Performing Arts Collaborative, Inc.?","select count(distinct(year(?year))) as ?years from <http://linkedspending.aksw.org/nyc-council-member-items>
{
?obs qb:dataSet ls:nyc-council-member-items.
?obs lso:nyc-council-member-items-from <https://openspending.org/nyc-council-member-items/from/dickens>.
?obs lso:nyc-council-member-items-to <https://openspending.org/nyc-council-member-items/to/american-performing-arts-collaborative-inc>.
?obs lso:refYear ?year.
}","select MIN(xsd:decimal(?v423094525)) 
{
?obs qb:dataSet <http://linkedspending.aksw.org/instance/nyc-council-member-items>. ?obs a qb:Observation.
 ?obs <http://linkedspending.aksw.org/ontology/nyc-council-member-items-from> <https://openspending.org/nyc-council-member-items/from/dickens>. ?obs <http://linkedspending.aksw.org/ontology/nyc-council-member-items-amount> ?v423094525.?obs <http://linkedspending.aksw.org/ontology/nyc-council-member-items-from> ?v1966764779.
}",0.0,0.0,0.0
61,fingal_exp_budget,How high were the service support costs of the Fingal County Council Expenditure Budget of 2011?,"select sum(xsd:decimal(?amount)) as ?sum from <http://linkedspending.aksw.org/fingal_exp_budget>
{
?obs qb:dataSet ls:fingal_exp_budget.
?obs lso:fingal_exp_budget-ref2-desc ""Service Support Costs"".
?obs lso:fingal_exp_budget-amount ?amount.
}","select SUM(xsd:decimal(?v1237303476)) 
{
?obs qb:dataSet <http://linkedspending.aksw.org/instance/fingal_exp_budget>. ?obs a qb:Observation.
  ?obs  <http://linkedspending.aksw.org/ontology/refYear> ?v142.
filter(year(?v142)=2011).  ?obs  <http://linkedspending.aksw.org/ontology/fingal_exp_budget-ref2-desc> ""Service Support Costs"". ?obs <http://linkedspending.aksw.org/ontology/fingal_exp_budget-estmgr> ?v1237303476.?obs <http://linkedspending.aksw.org/ontology/fingal_exp_budget-ref2-desc> ?v836243331.?obs <http://linkedspending.aksw.org/ontology/refYear> ?v281587556.
}",0.0,0.0,0.0
62,fingal_exp_budget,What was the lowest amount for the veterinary service in the Fingal County Council expenditure budget?,"select max(xsd:decimal(?amount)) as ?sum from <http://linkedspending.aksw.org/fingal_exp_budget>
{
?obs qb:dataSet ls:fingal_exp_budget.
?obs lso:fingal_exp_budget-Service <https://openspending.org/fingal_exp_budget/Service/g04>.
?obs lso:fingal_exp_budget-amount ?amount.
}","select SUM(xsd:decimal(?v1237303476)) 
{
?obs qb:dataSet <http://linkedspending.aksw.org/instance/fingal_exp_budget>. ?obs a qb:Observation.
 ?obs <http://linkedspending.aksw.org/ontology/fingal_exp_budget-estmgr> ?v1237303476.?obs <http://linkedspending.aksw.org/ontology/fingal_exp_budget-amount> ?v1117104698.
}order by ASC(sum(xsd:decimal(?v1117104698))) limit 1",0.0,0.0,0.0
63,cm-nwr-investments,"What is the total investment budget for basic education in Mezam, Cameroon?","select sum(xsd:decimal(?amount)) as ?sum from <http://linkedspending.aksw.org/cm-nwr-investments>
{
?obs qb:dataSet ls:cm-nwr-investments.
?obs lso:cm-nwr-investments-area <https://openspending.org/cm-nwr-investments/area/mezam>.
?obs lso:cm-nwr-investments-chapter <https://openspending.org/cm-nwr-investments/chapter/15>.
?obs lso:cm-nwr-investments-amount ?amount.
}","select SUM(xsd:decimal(?v810281515)) 
{
?obs <http://linkedspending.aksw.org/ontology/cm-nwr-investments-chapter> <https://openspending.org/cm-nwr-investments/chapter/15>. ?obs qb:dataSet <http://linkedspending.aksw.org/instance/cm-nwr-investments>. ?obs a qb:Observation.
 ?obs <http://linkedspending.aksw.org/ontology/cm-nwr-investments-fin> ?v810281515.?obs <http://linkedspending.aksw.org/ontology/cm-nwr-investments-chapter> ?v1438304877.
}",0.0,0.0,0.0
64,cm-nwr-investments,Which areas in Cameroon had an investment budget of more than 5 billion CFA in 2010?,"select ?area from <http://linkedspending.aksw.org/cm-nwr-investments>
{
?obs qb:dataSet ls:cm-nwr-investments.
?obs lso:cm-nwr-investments-area ?area.
?obs lso:cm-nwr-investments-amount ?amount.
}
group by ?area
having (sum(xsd:decimal(?amount))>5000000000)","select SUM(xsd:decimal(?v810281515)) 
{
 ?obs  <http://linkedspending.aksw.org/ontology/refDate> ""2010""^^<http://www.w3.org/2001/XMLSchema#date>.  ?obs  <http://linkedspending.aksw.org/ontology/cm-nwr-investments-sum> ""2147483647""^^<http://www.w3.org/2001/XMLSchema#float>. ?obs qb:dataSet <http://linkedspending.aksw.org/instance/cm-nwr-investments>. ?obs a qb:Observation.
 ?obs <http://linkedspending.aksw.org/ontology/cm-nwr-investments-fin> ?v810281515.?obs <http://linkedspending.aksw.org/ontology/refDate> ?v282216435.?obs <http://linkedspending.aksw.org/ontology/cm-nwr-investments-sum> ?v810294379.
}",0.0,0.0,0.0
65,ug_budget_subcategories,How much money was given to works and transport in the Ugandan budget?,"select sum(xsd:decimal(?amount)) as ?sum from <http://linkedspending.aksw.org/ug_budget_subcategories>
{
?obs qb:dataSet ls:ug_budget_subcategories.
?obs lso:ug_budget_subcategories-to <https://openspending.org/ug_budget_subcategories/to/works-and-transport>.
?obs lso:ug_budget_subcategories-amount ?amount.
}","select SUM(xsd:decimal(?v682110154)) 
{
?obs <http://linkedspending.aksw.org/ontology/ug_budget_subcategories-sub-categories> <https://openspending.org/ug_budget_subcategories/sub-categories/works-and-transport>. ?obs qb:dataSet <http://linkedspending.aksw.org/instance/ug_budget_subcategories>. ?obs a qb:Observation.
 ?obs <http://linkedspending.aksw.org/ontology/ug_budget_subcategories-amount> ?v682110154.?obs <http://linkedspending.aksw.org/ontology/ug_budget_subcategories-sub-categories> ?v104147397.
}",0.0,0.0,0.0
66,ug_budget_subcategories,In which years did the Uganda budget contain money for Education?,"select distinct(year(?year)) as ?year from <http://linkedspending.aksw.org/ug_budget_subcategories>
{
?obs qb:dataSet ls:ug_budget_subcategories.
?obs lso:ug_budget_subcategories-to <https://openspending.org/ug_budget_subcategories/to/education>.
?obs lso:ug_budget_subcategories-amount ?amount.
?obs lso:refYear ?year.
}","select SUM(xsd:decimal(?v682110154)) 
{
?obs <http://linkedspending.aksw.org/ontology/ug_budget_subcategories-to> <https://openspending.org/ug_budget_subcategories/to/education>. ?obs qb:dataSet <http://linkedspending.aksw.org/instance/ug_budget_subcategories>. ?obs a qb:Observation.
 ?obs <http://linkedspending.aksw.org/ontology/ug_budget_subcategories-amount> ?v682110154.?obs <http://linkedspending.aksw.org/ontology/ug_budget_subcategories-to> ?v735972371.
}",0.0,0.0,0.0
67,faith,How many donor entities provided foreign aid for Typhoon Yolanda?,"select count(distinct(?entity)) from <http://linkedspending.aksw.org/faith>
{
?obs qb:dataSet ls:faith.
?obs lso:faith-target <https://openspending.org/faith/target/typhoon-yolanda>.
?obs lso:faith-from ?entity.
}","select COUNT(distinct(?v541827095)) 
{
?obs <http://linkedspending.aksw.org/ontology/faith-target> <https://openspending.org/faith/target/typhoon-yolanda>. ?obs qb:dataSet <http://linkedspending.aksw.org/instance/faith>. ?obs a qb:Observation.
 ?obs <http://linkedspending.aksw.org/ontology/faith-from> ?v541827095.?obs <http://linkedspending.aksw.org/ontology/faith-target> ?v619600368.
}",1.0,1.0,1.0
68,faith,How much foreign aid went over the Red Cross from China?,"select sum(xsd:decimal(?amount)) as ?sum from <http://linkedspending.aksw.org/faith>
{
?obs qb:dataSet ls:faith.
?obs lso:faith-conduit <https://openspending.org/faith/conduit/red-cross>. 
?obs lso:faith-from <https://openspending.org/faith/from/china>.
?obs lso:faith-amount ?amount.
}","select SUM(xsd:decimal(?v1152547625)) 
{
?obs <http://linkedspending.aksw.org/ontology/faith-from> <https://openspending.org/faith/from/china>. ?obs qb:dataSet <http://linkedspending.aksw.org/instance/faith>. ?obs a qb:Observation.
 ?obs <http://linkedspending.aksw.org/ontology/faith-amount> ?v1152547625.?obs <http://linkedspending.aksw.org/ontology/faith-from> ?v541827095.
}",0.0,0.0,0.0
69,finland-aid,Which type of sector is receiving the most Finland foreign aid in India?,"select ?result
{
?obs lso:finland-aid-recipient-country <https://openspending.org/finland-aid/recipient-country/in>.
?obs lso:finland-aid-amount ?amount.
?obs lso:finland-aid-sector ?result.
}
order by desc(sum(xsd:decimal(?amount)))
limit 1","select distinct(?v1879350750) 
{
?obs qb:dataSet <http://linkedspending.aksw.org/instance/finland-aid>. ?obs a qb:Observation.
 ?obs <http://linkedspending.aksw.org/ontology/finland-aid-recipient-country> <https://openspending.org/finland-aid/recipient-country/in>. ?obs <http://linkedspending.aksw.org/ontology/finland-aid-sector> ?v1879350750.?obs <http://linkedspending.aksw.org/ontology/finland-aid-recipient-country> ?v1083550630.?obs <http://linkedspending.aksw.org/ontology/finland-aid-amount> ?v1908038420.
}order by DESC(sum(xsd:decimal(?v1908038420))) limit 1",1.0,1.0,1.0
70,finland-aid,What types of foreign aid from Finland did Belarus receive in 2011?,"select distinct(?result)
{
?obs lso:finland-aid-recipient-country <https://openspending.org/finland-aid/recipient-country/by>.
?obs lso:finland-aid-type-of-aid ?result.
?obs lso:refYear ?year.
filter(year(?year)=2011).
}","select SUM(xsd:decimal(?v365300275)) 
{
?obs <http://linkedspending.aksw.org/ontology/finland-aid-recipient-country> <https://openspending.org/finland-aid/recipient-country/by>.  ?obs  <http://linkedspending.aksw.org/ontology/finland-aid-geographical-target-area> ""Finland"".  ?obs  <http://linkedspending.aksw.org/ontology/refYear> ?v166.
filter(year(?v166)=2011). ?obs qb:dataSet <http://linkedspending.aksw.org/instance/finland-aid>. ?obs a qb:Observation.
 ?obs <http://linkedspending.aksw.org/ontology/finland-aid-channel-code> ?v365300275.?obs <http://linkedspending.aksw.org/ontology/finland-aid-geographical-target-area> ?v860796570.?obs <http://linkedspending.aksw.org/ontology/refYear> ?v281587556.?obs <http://linkedspending.aksw.org/ontology/finland-aid-recipient-country> ?v1083550630.
}",0.0,0.0,0.0
71,pvd2014proposed,What was the proposed City of Providence budget amount for City Courts by the Muncipal Court?,"select sum(xsd:decimal(?amount)) as ?sum from <http://linkedspending.aksw.org/pvd2014proposed>
{
?obs qb:dataSet ls:pvd2014proposed.
?obs lso:pvd2014proposed-acct-dept ""101-106: Muncipal Court"".
?obs lso:pvd2014proposed-acct-div ""City Courts"".
?obs lso:pvd2014proposed-amount ?amount.
}","select SUM(xsd:decimal(?v473878292)) 
{
 ?obs  <http://linkedspending.aksw.org/ontology/pvd2014proposed-acct-div> ""City Courts"". ?obs qb:dataSet <http://linkedspending.aksw.org/instance/pvd2014proposed>. ?obs a qb:Observation.
 ?obs <http://linkedspending.aksw.org/ontology/pvd2014proposed-amount> ?v473878292.?obs <http://linkedspending.aksw.org/ontology/pvd2014proposed-acct-div> ?v501018733.
}",0.0,0.0,0.0
72,pvd2014proposed,How much was the City of Providence budget for educational materials?,"select sum(xsd:decimal(?amount)) as ?sum from <http://linkedspending.aksw.org/pvd2014proposed>
{
?obs qb:dataSet ls:pvd2014proposed.
?obs lso:pvd2014proposed-gl-account ""54625: EDUCATIONAL MATERIALS"".
?obs lso:pvd2014proposed-amount ?amount.
}","select SUM(xsd:decimal(?v473878292)) 
{
?obs qb:dataSet <http://linkedspending.aksw.org/instance/pvd2014proposed>. ?obs a qb:Observation.
  ?obs  <http://linkedspending.aksw.org/ontology/pvd2014proposed-gl-account> ""54625: EDUCATIONAL MATERIALS"". ?obs <http://linkedspending.aksw.org/ontology/pvd2014proposed-amount> ?v473878292.?obs <http://linkedspending.aksw.org/ontology/pvd2014proposed-gl-account> ?v1531086337.
}",1.0,1.0,1.0
73,pbw-ct,When was upgrading and greening in ward 49 payed?,"select distinct(?date) from <http://linkedspending.aksw.org/pbw-ct>
{
?obs qb:dataSet ls:pbw-ct.
?obs lso:pbw-ct-Category <https://openspending.org/pbw-ct/Category/upgrading-and-greening-in-ward-49>.
?obs lso:refDate ?date.
}","select SUM(xsd:decimal(?v2112443816)) 
{
?obs qb:dataSet <http://linkedspending.aksw.org/instance/pbw-ct>. ?obs a qb:Observation.
 ?obs <http://linkedspending.aksw.org/ontology/pbw-ct-Description> <https://openspending.org/pbw-ct/Description/upgrading-and-greening-in-ward-49>. ?obs <http://linkedspending.aksw.org/ontology/pbw-ct-amount> ?v2112443816.?obs <http://linkedspending.aksw.org/ontology/pbw-ct-Description> ?v1407914460.
}",0.0,0.0,0.0
74,pbw-ct,What are the funding sources for Cape Town Electricity?,"select distinct(?source) from <http://linkedspending.aksw.org/pbw-ct>
{
?obs qb:dataSet ls:pbw-ct.
?obs lso:pbw-ct-Department <https://openspending.org/pbw-ct/Department/cape-town-electricity>.
?obs lso:pbw-ct-FundingSource ?source.
}","select SUM(xsd:decimal(?v2112443816)) 
{
?obs qb:dataSet <http://linkedspending.aksw.org/instance/pbw-ct>. ?obs a qb:Observation.
 ?obs <http://linkedspending.aksw.org/ontology/pbw-ct-Department> <https://openspending.org/pbw-ct/Department/cape-town-electricity>. ?obs <http://linkedspending.aksw.org/ontology/pbw-ct-amount> ?v2112443816.?obs <http://linkedspending.aksw.org/ontology/pbw-ct-Department> ?v436242062.
}",0.0,0.0,0.0
75,trends_in_civi_tech_open_gov,Which investor type using CKAN technology received the most funding?,"select ?type from <http://linkedspending.aksw.org/trends_in_civi_tech_open_gov>
{
?obs qb:dataSet ls:trends_in_civi_tech_open_gov.
?obs lso:trends_in_civi_tech_open_gov-tech ""CKAN"".
?obs lso:trends_in_civi_tech_open_gov-amount ?amount.
?obs lso:trends_in_civi_tech_open_gov-investor_type ?type.
} order by desc(sum(xsd:decimal(?amount))) limit 1","select distinct(?v1374772437) 
{
 ?obs  <http://linkedspending.aksw.org/ontology/trends_in_civi_tech_open_gov-tech> ""CKAN"". ?obs qb:dataSet <http://linkedspending.aksw.org/instance/trends_in_civi_tech_open_gov>. ?obs a qb:Observation.
 ?obs <http://linkedspending.aksw.org/ontology/trends_in_civi_tech_open_gov-investor_type> ?v1374772437.?obs <http://linkedspending.aksw.org/ontology/trends_in_civi_tech_open_gov-amount> ?v988515460.?obs <http://linkedspending.aksw.org/ontology/trends_in_civi_tech_open_gov-tech> ?v10525122.
}order by DESC(sum(xsd:decimal(?v988515460))) limit 1",1.0,1.0,1.0
76,trends_in_civi_tech_open_gov,When did Pew Charitable Trust invest?,"select ?date from <http://linkedspending.aksw.org/trends_in_civi_tech_open_gov>
{
?obs qb:dataSet ls:trends_in_civi_tech_open_gov.
?obs lso:trends_in_civi_tech_open_gov-from <https://openspending.org/trends_in_civi_tech_open_gov/from/pew-charitable-trust>.
?obs lso:refDate ?date.
}","select SUM(xsd:decimal(?v988515460)) 
{
?obs <http://linkedspending.aksw.org/ontology/trends_in_civi_tech_open_gov-from> <https://openspending.org/trends_in_civi_tech_open_gov/from/pew-charitable-trust>. ?obs qb:dataSet <http://linkedspending.aksw.org/instance/trends_in_civi_tech_open_gov>. ?obs a qb:Observation.
 ?obs <http://linkedspending.aksw.org/ontology/trends_in_civi_tech_open_gov-amount> ?v988515460.?obs <http://linkedspending.aksw.org/ontology/trends_in_civi_tech_open_gov-from> ?v10120918.
}",0.0,0.0,0.0
77,e27f4ef7601446798cfa733a06cea8d9,How much did Armenia spend in 2006 for buildings and edifices?,"select sum(xsd:decimal(?amount)) as ?sum from <http://linkedspending.aksw.org/e27f4ef7601446798cfa733a06cea8d9>
{
?obs qb:dataSet ls:e27f4ef7601446798cfa733a06cea8d9.
?obs lso:e27f4ef7601446798cfa733a06cea8d9-economiclevel3 ""Buildings and edifices"".
?obs lso:e27f4ef7601446798cfa733a06cea8d9-amount ?amount.
}","select SUM(xsd:decimal(?v938227854)) 
{
?obs qb:dataSet <http://linkedspending.aksw.org/instance/e27f4ef7601446798cfa733a06cea8d9>. ?obs a qb:Observation.
  ?obs  <http://linkedspending.aksw.org/ontology/refYear> ?v182.
filter(year(?v182)=2006).  ?obs  <http://linkedspending.aksw.org/ontology/e27f4ef7601446798cfa733a06cea8d9-economiclevel3> ""Buildings and edifices"". ?obs <http://linkedspending.aksw.org/ontology/e27f4ef7601446798cfa733a06cea8d9-amount> ?v938227854.?obs <http://linkedspending.aksw.org/ontology/e27f4ef7601446798cfa733a06cea8d9-economiclevel3> ?v1692247142.?obs <http://linkedspending.aksw.org/ontology/refYear> ?v281587556.
}",1.0,1.0,1.0
78,e27f4ef7601446798cfa733a06cea8d9,Which were the admins for personal and catering materials in Armenia in 2006?,"select distinct(?admin) from <http://linkedspending.aksw.org/e27f4ef7601446798cfa733a06cea8d9>
{
?obs qb:dataSet ls:e27f4ef7601446798cfa733a06cea8d9.
?obs lso:e27f4ef7601446798cfa733a06cea8d9-economic <https://openspending.org/e27f4ef7601446798cfa733a06cea8d9/economic/4267>.
?obs lso:e27f4ef7601446798cfa733a06cea8d9-from ?admin.
}","select MIN(xsd:decimal(?v938227854)) 
{
 ?obs  <http://linkedspending.aksw.org/ontology/e27f4ef7601446798cfa733a06cea8d9-type> ""personnel"". ?obs qb:dataSet <http://linkedspending.aksw.org/instance/e27f4ef7601446798cfa733a06cea8d9>. ?obs a qb:Observation.
  ?obs  <http://linkedspending.aksw.org/ontology/refYear> ?v188.
filter(year(?v188)=2006). ?obs <http://linkedspending.aksw.org/ontology/e27f4ef7601446798cfa733a06cea8d9-amount> ?v938227854.?obs <http://linkedspending.aksw.org/ontology/e27f4ef7601446798cfa733a06cea8d9-type> ?v1494289648.?obs <http://linkedspending.aksw.org/ontology/refYear> ?v281587556.
}",0.0,0.0,0.0
79,f0bd947d9854445987d6ece304840a3c,How much was spent on public utilities in Armenia in 2007?,"select sum(xsd:decimal(?amount)) as ?sum from <http://linkedspending.aksw.org/f0bd947d9854445987d6ece304840a3c>
{
?obs qb:dataSet ls:f0bd947d9854445987d6ece304840a3c.
?obs lso:f0bd947d9854445987d6ece304840a3c-economic <https://openspending.org/f0bd947d9854445987d6ece304840a3c/economic/4213>.
?obs lso:f0bd947d9854445987d6ece304840a3c-amount ?amount.
}","select SUM(xsd:decimal(?v1963580035)) 
{
 ?obs  <http://linkedspending.aksw.org/ontology/refYear> ?v192.
filter(year(?v192)=2007). ?obs qb:dataSet <http://linkedspending.aksw.org/instance/f0bd947d9854445987d6ece304840a3c>. ?obs a qb:Observation.
 ?obs <http://linkedspending.aksw.org/ontology/f0bd947d9854445987d6ece304840a3c-economic> <https://openspending.org/f0bd947d9854445987d6ece304840a3c/economic/4213>. ?obs <http://linkedspending.aksw.org/ontology/f0bd947d9854445987d6ece304840a3c-amount> ?v1963580035.?obs <http://linkedspending.aksw.org/ontology/refYear> ?v281587556.?obs <http://linkedspending.aksw.org/ontology/f0bd947d9854445987d6ece304840a3c-economic> ?v874962906.
}",1.0,1.0,1.0
80,f0bd947d9854445987d6ece304840a3c,What was the total cost of running expenses for Armenia in 2007?,"select sum(xsd:decimal(?amount)) as ?sum from <http://linkedspending.aksw.org/f0bd947d9854445987d6ece304840a3c>
{
?obs qb:dataSet ls:f0bd947d9854445987d6ece304840a3c.
?obs lso:f0bd947d9854445987d6ece304840a3c-economiclevel1 ""Running expenses"".
?obs lso:f0bd947d9854445987d6ece304840a3c-amount ?amount.
}","select SUM(xsd:decimal(?v1963580035)) 
{
?obs qb:dataSet <http://linkedspending.aksw.org/instance/f0bd947d9854445987d6ece304840a3c>. ?obs a qb:Observation.
  ?obs  <http://linkedspending.aksw.org/ontology/refYear> ?v196.
filter(year(?v196)=2007).  ?obs  <http://linkedspending.aksw.org/ontology/f0bd947d9854445987d6ece304840a3c-economiclevel1> ""Running expenses"". ?obs <http://linkedspending.aksw.org/ontology/f0bd947d9854445987d6ece304840a3c-amount> ?v1963580035.?obs <http://linkedspending.aksw.org/ontology/f0bd947d9854445987d6ece304840a3c-economiclevel1> ?v1466165639.?obs <http://linkedspending.aksw.org/ontology/refYear> ?v281587556.
}",1.0,1.0,1.0
81,scottish-spending-jan13,What was the total Scottish Government expenditure of 2013-01-09?,"select sum(xsd:decimal(?amount)) as ?sum from <http://linkedspending.aksw.org/scottish-spending-jan13>
{
?obs qb:dataSet ls:scottish-spending-jan13.
?obs lso:scottish-spending-jan13-amount ?amount.
?obs lso:refDate ?date.
filter(strstarts(str(?date), ""2013-01-09"")).
}","select SUM(xsd:decimal(?v865092901)) 
{
 ?obs  <http://linkedspending.aksw.org/ontology/refDate> ""2013-01-09""^^<http://www.w3.org/2001/XMLSchema#date>. ?obs qb:dataSet <http://linkedspending.aksw.org/instance/scottish-spending-jan13>. ?obs a qb:Observation.
 ?obs <http://linkedspending.aksw.org/ontology/scottish-spending-jan13-amount> ?v865092901.?obs <http://linkedspending.aksw.org/ontology/refDate> ?v282216435.
}",1.0,1.0,1.0
82,scottish-spending-jan13,What was the smallest amount expended for Environment and Forestry by the Scottish Government in January of 2013?,"select min(xsd:decimal(?amount)) as ?sum from <http://linkedspending.aksw.org/scottish-spending-jan13>
{
?obs qb:dataSet ls:scottish-spending-jan13.
?obs lso:scottish-spending-jan13-amount ?amount.
?obs lso:scottish-spending-jan13-directorate ""Environment and Forestry"".
}","select SUM(xsd:decimal(?v865092901)) 
{
?obs qb:dataSet <http://linkedspending.aksw.org/instance/scottish-spending-jan13>. ?obs a qb:Observation.
 ?obs <http://linkedspending.aksw.org/ontology/scottish-spending-jan13-amount> ?v865092901.
}order by ASC(sum(xsd:decimal(?v865092901))) limit 1",0.0,0.0,0.0
83,oakland-adopted-budget-fy-2011-13-expenditures,In which year did the City of Oakland have the highest total expenditure budget?,"select year(?year) from <http://linkedspending.aksw.org/oakland-adopted-budget-fy-2011-13-expenditures>
{
?obs qb:dataSet ls:oakland-adopted-budget-fy-2011-13-expenditures.
?obs lso:oakland-adopted-budget-fy-2011-13-expenditures-amount ?amount.
?obs lso:refYear ?year.
}
order by desc(sum(xsd:decimal(?amount))) limit 1","select SUM(xsd:decimal(?v1770778741)) 
{
 ?obs  <http://linkedspending.aksw.org/ontology/oakland-adopted-budget-fy-2011-13-expenditures-unit> ""Budget Unit"". ?obs qb:dataSet <http://linkedspending.aksw.org/instance/oakland-adopted-budget-fy-2011-13-expenditures>. ?obs a qb:Observation.
 ?obs <http://linkedspending.aksw.org/ontology/oakland-adopted-budget-fy-2011-13-expenditures-unique-identifier> ?v1770778741.?obs <http://linkedspending.aksw.org/ontology/oakland-adopted-budget-fy-2011-13-expenditures-amount> ?v479994376.?obs <http://linkedspending.aksw.org/ontology/oakland-adopted-budget-fy-2011-13-expenditures-unit> ?v1446947020.
}order by DESC(sum(xsd:decimal(?v479994376))) limit 1",0.0,0.0,0.0
84,oakland-adopted-budget-fy-2011-13-expenditures,What was the total City of Oakland budget for the Administrative Unit in 2012?,"select sum(xsd:decimal(?amount)) as ?sum from <http://linkedspending.aksw.org/oakland-adopted-budget-fy-2011-13-expenditures>
{
?obs qb:dataSet ls:oakland-adopted-budget-fy-2011-13-expenditures.
?obs lso:oakland-adopted-budget-fy-2011-13-expenditures-unit ""Administrative Unit"".
?obs lso:oakland-adopted-budget-fy-2011-13-expenditures-amount ?amount.
?obs lso:refYear ?year.
filter(year(?year)=2011)
}","select SUM(xsd:decimal(?v1770778741)) 
{
 ?obs  <http://linkedspending.aksw.org/ontology/oakland-adopted-budget-fy-2011-13-expenditures-unit> ""Budget Unit"". ?obs qb:dataSet <http://linkedspending.aksw.org/instance/oakland-adopted-budget-fy-2011-13-expenditures>. ?obs a qb:Observation.
  ?obs  <http://linkedspending.aksw.org/ontology/refDate> ""2012""^^<http://www.w3.org/2001/XMLSchema#date>. ?obs <http://linkedspending.aksw.org/ontology/oakland-adopted-budget-fy-2011-13-expenditures-unique-identifier> ?v1770778741.?obs <http://linkedspending.aksw.org/ontology/refDate> ?v282216435.?obs <http://linkedspending.aksw.org/ontology/oakland-adopted-budget-fy-2011-13-expenditures-unit> ?v1446947020.
}",0.0,0.0,0.0
85,allexp13budg,How high was the recurrent expenditure for the Sierra Leona Government budget in 2013?,"select sum(xsd:decimal(?amount)) as ?sum from <http://linkedspending.aksw.org/allexp13budg>
{
?obs qb:dataSet ls:allexp13budg.
?obs lso:allexp13budg-level0 ""RECURRENT EXPENDITURE"".
?obs lso:allexp13budg-amount ?amount.
}","select SUM(xsd:decimal(?v2128554403)) 
{
 ?obs  <http://linkedspending.aksw.org/ontology/refDate> ""2013""^^<http://www.w3.org/2001/XMLSchema#date>. ?obs qb:dataSet <http://linkedspending.aksw.org/instance/allexp13budg>. ?obs a qb:Observation.
 ?obs <http://linkedspending.aksw.org/ontology/allexp13budg-amount> ?v2128554403.?obs <http://linkedspending.aksw.org/ontology/refDate> ?v282216435.
}",0.0,0.0,0.0
86,allexp13budg,How much was budgeted for general services for the Office of the President of Sierra Leona in 2013?,"select sum(xsd:decimal(?amount)) as ?sum from <http://linkedspending.aksw.org/allexp13budg>
{
?obs qb:dataSet ls:allexp13budg.
?obs lso:allexp13budg-level1 ""GENERAL SERVICES"".
?obs lso:allexp13budg-level2 ""Office of the President"".
?obs lso:allexp13budg-amount ?amount.
}","select SUM(xsd:decimal(?v2128554403)) 
{
 ?obs  <http://linkedspending.aksw.org/ontology/refDate> ""2013""^^<http://www.w3.org/2001/XMLSchema#date>. ?obs qb:dataSet <http://linkedspending.aksw.org/instance/allexp13budg>. ?obs a qb:Observation.
  ?obs  <http://linkedspending.aksw.org/ontology/allexp13budg-level4> ""Office of the President"".  ?obs  <http://linkedspending.aksw.org/ontology/allexp13budg-level1> ""GENERAL SERVICES"". ?obs <http://linkedspending.aksw.org/ontology/allexp13budg-amount> ?v2128554403.?obs <http://linkedspending.aksw.org/ontology/refDate> ?v282216435.?obs <http://linkedspending.aksw.org/ontology/allexp13budg-level4> ?v1820828875.?obs <http://linkedspending.aksw.org/ontology/allexp13budg-level1> ?v1820828878.
}",0.0,0.0,0.0
87,lobbying_dataset_qy,Which clients received lobbying contributions of more than 50000000 $?,"select ?client sum(xsd:decimal(?amount)) as ?sum from <http://linkedspending.aksw.org/lobbying_dataset_qy>
{
?obs qb:dataSet ls:lobbying_dataset_qy.
?obs lso:lobbying_dataset_qy-client ?client.
?obs lso:lobbying_dataset_qy-amount ?amount.
}
group by ?client
having sum(xsd:decimal(?amount))>50000000","select SUM(xsd:decimal(?v1437275831)) 
{
?obs <http://linkedspending.aksw.org/ontology/lobbying_dataset_qy-client> ?v1493416490. ?obs qb:dataSet <http://linkedspending.aksw.org/instance/lobbying_dataset_qy>. ?obs a qb:Observation.
 filter(?v1493416490 > ""5.0E7"").  ?obs <http://linkedspending.aksw.org/ontology/lobbying_dataset_qy-amount> ?v1437275831.?obs <http://linkedspending.aksw.org/ontology/lobbying_dataset_qy-client> ?v1493416490.
}",0.0,0.0,0.0
88,lobbying_dataset_qy,Which industry received the most lobbying contributions?,"select ?industry from <http://linkedspending.aksw.org/lobbying_dataset_qy>
{
?obs qb:dataSet ls:lobbying_dataset_qy.
?obs lso:lobbying_dataset_qy-industry ?industry.
?obs lso:lobbying_dataset_qy-amount ?amount.
}
order by desc(sum(xsd:decimal(?amount))) limit 1","select distinct(?v127079299) 
{
?obs qb:dataSet <http://linkedspending.aksw.org/instance/lobbying_dataset_qy>. ?obs a qb:Observation.
 ?obs <http://linkedspending.aksw.org/ontology/lobbying_dataset_qy-industry> ?v127079299.?obs <http://linkedspending.aksw.org/ontology/lobbying_dataset_qy-amount> ?v1437275831.
}order by DESC(sum(xsd:decimal(?v1437275831))) limit 1",1.0,1.0,1.0
89,mcc_spend,How much did the Manchester City Council give for  Learning Disabilities to SLC Paragon?,"select sum(xsd:decimal(?amount)) as ?sum from <http://linkedspending.aksw.org/mcc_spend>
{
?obs qb:dataSet ls:mcc_spend.
?obs lso:mcc_spend-amount ?amount.
?obs lso:mcc_spend-supplier-name ""SLC Paragon"".
}","select SUM(xsd:decimal(?v476120723)) 
{
 ?obs  <http://linkedspending.aksw.org/ontology/mcc_spend-supplier-name> ""Manchestarz"". ?obs qb:dataSet <http://linkedspending.aksw.org/instance/mcc_spend>. ?obs a qb:Observation.
 ?obs <http://linkedspending.aksw.org/ontology/mcc_spend-amount> ?v476120723.?obs <http://linkedspending.aksw.org/ontology/mcc_spend-supplier-name> ?v2060073161.
}",0.0,0.0,0.0
90,mcc_spend,Which service areas do the Manchester City Council spendings contain?,"select distinct(?area) from <http://linkedspending.aksw.org/mcc_spend>
{
?obs qb:dataSet ls:mcc_spend.
?obs lso:mcc_spend-service-area ?area.
}","select distinct(?v596761082) 
{
 ?obs  <http://linkedspending.aksw.org/ontology/mcc_spend-supplier-name> ""Manchestarz"". ?obs qb:dataSet <http://linkedspending.aksw.org/instance/mcc_spend>. ?obs a qb:Observation.
 ?obs <http://linkedspending.aksw.org/ontology/mcc_spend-service-area> ?v596761082.?obs <http://linkedspending.aksw.org/ontology/mcc_spend-supplier-name> ?v2060073161.
}",1.0,0.038461538461538464,0.07407407407407407
91,alb_planned_budget_2013,How much was Albanias 2013 budget for education?,"select sum(xsd:decimal(?amount)) as ?sum from <http://linkedspending.aksw.org/alb_planned_budget_2013>
{
?obs qb:dataSet ls:alb_planned_budget_2013.
?obs lso:alb_planned_budget_2013-cofog1 <https://openspending.org/alb_planned_budget_2013/cofog1/09>.
?obs lso:alb_planned_budget_2013-amount ?amount.
}",,0.0,0.0,0.0
92,alb_planned_budget_2013,What are the identification numbers of housing and community amenities in Albanias 2013 budget?,"select distinct(?id) from <http://linkedspending.aksw.org/alb_planned_budget_2013>
{
?obs qb:dataSet ls:alb_planned_budget_2013.
?obs lso:alb_planned_budget_2013-cofog1 <https://openspending.org/alb_planned_budget_2013/cofog1/06>.
?obs lso:alb_planned_budget_2013-UniqueID ?id.
}","select distinct(?v981364022) 
{
?obs qb:dataSet <http://linkedspending.aksw.org/instance/alb_planned_budget_2013>. ?obs a qb:Observation.
  ?obs  <http://linkedspending.aksw.org/ontology/refDate> ""2013""^^<http://www.w3.org/2001/XMLSchema#date>. ?obs <http://linkedspending.aksw.org/ontology/alb_planned_budget_2013-cofog1> <https://openspending.org/alb_planned_budget_2013/cofog1/06>. ?obs <http://linkedspending.aksw.org/ontology/alb_planned_budget_2013-UniqueID> ?v981364022.?obs <http://linkedspending.aksw.org/ontology/refDate> ?v282216435.?obs <http://linkedspending.aksw.org/ontology/alb_planned_budget_2013-cofog1> ?v1935620233.
}",1.0,1.0,1.0
93,ke-county-exp,What was the total Kenya County Expenditure in Kiambu by the Thika administration?,"select sum(xsd:decimal(?amount)) as ?sum from <http://linkedspending.aksw.org/ke-county-exp>
{
?obs qb:dataSet ls:ke-county-exp.
?obs lso:ke-county-exp-administration <https://openspending.org/ke-county-exp/administration/thika>.
?obs lso:ke-county-exp-county <https://openspending.org/ke-county-exp/county/kiambu>.
?obs lso:ke-county-exp-amount ?amount.
}","select SUM(xsd:decimal(?v1018782476)) 
{
?obs <http://linkedspending.aksw.org/ontology/ke-county-exp-county> <https://openspending.org/ke-county-exp/county/kiambu>. ?obs <http://linkedspending.aksw.org/ontology/ke-county-exp-administration> <https://openspending.org/ke-county-exp/administration/thika>. ?obs qb:dataSet <http://linkedspending.aksw.org/instance/ke-county-exp>. ?obs a qb:Observation.
 ?obs <http://linkedspending.aksw.org/ontology/ke-county-exp-amount> ?v1018782476.?obs <http://linkedspending.aksw.org/ontology/ke-county-exp-county> ?v1078060030.?obs <http://linkedspending.aksw.org/ontology/ke-county-exp-administration> ?v2093195026.
}",1.0,1.0,1.0
94,ke-county-exp,Which Kenya country administration had the highest expenditure budget?,"select ?admin from <http://linkedspending.aksw.org/ke-county-exp>
{
?obs qb:dataSet ls:ke-county-exp.
?obs lso:ke-county-exp-administration ?admin.
?obs lso:ke-county-exp-amount ?amount.
}
order by desc(sum(xsd:decimal(?amount))) limit 1","select MIN(xsd:decimal(?v1018782476)) 
{
?obs <http://linkedspending.aksw.org/ontology/ke-county-exp-administration> <https://openspending.org/ke-county-exp/administration/buret>. ?obs qb:dataSet <http://linkedspending.aksw.org/instance/ke-county-exp>. ?obs a qb:Observation.
 ?obs <http://linkedspending.aksw.org/ontology/ke-county-exp-amount> ?v1018782476.?obs <http://linkedspending.aksw.org/ontology/ke-county-exp-administration> ?v2093195026.
}order by DESC(sum(xsd:decimal(?v1018782476))) limit 1",0.0,0.0,0.0
95,al_planned_budget_2007to2013,What was the Albania budget for public order and safety in 2007?,"select  sum(xsd:decimal(?amount)) as ?sum from <http://linkedspending.aksw.org/al_planned_budget_2007to2013>
{
?obs qb:dataSet ls:al_planned_budget_2007to2013.
?obs lso:al_planned_budget_2007to2013-cofog1 <https://openspending.org/al_planned_budget_2007to2013/cofog1/public-order-and-safety>.
?obs lso:al_planned_budget_2007to2013-amount ?amount.
?obs lso:refYear ?year.
filter(year(?year)=2007).
}","select SUM(xsd:decimal(?v1627297862)) 
{
 ?obs  <http://linkedspending.aksw.org/ontology/refYear> ?v234.
filter(year(?v234)=2007). ?obs qb:dataSet <http://linkedspending.aksw.org/instance/al_planned_budget_2007to2013>. ?obs a qb:Observation.
 ?obs <http://linkedspending.aksw.org/ontology/al_planned_budget_2007to2013-cofog1> <https://openspending.org/al_planned_budget_2007to2013/cofog1/public-order-and-safety>. ?obs <http://linkedspending.aksw.org/ontology/al_planned_budget_2007to2013-amount> ?v1627297862.?obs <http://linkedspending.aksw.org/ontology/al_planned_budget_2007to2013-cofog1> ?v1686129037.?obs <http://linkedspending.aksw.org/ontology/refYear> ?v281587556.
}",0.0,0.0,0.0
96,al_planned_budget_2007to2013,What was the combined Albania budget for health from 2007 to 2010?,"select  sum(xsd:decimal(?amount)) as ?sum from <http://linkedspending.aksw.org/al_planned_budget_2007to2013>
{
?obs qb:dataSet ls:al_planned_budget_2007to2013.
?obs lso:al_planned_budget_2007to2013-cofog1 <https://openspending.org/al_planned_budget_2007to2013/cofog1/health>.
?obs lso:al_planned_budget_2007to2013-amount ?amount.
?obs lso:refYear ?year.
filter((year(?year)>=2007)&&year(?year)<=2010)
}","select SUM(xsd:decimal(?v1627297862)) 
{
?obs <http://linkedspending.aksw.org/ontology/al_planned_budget_2007to2013-cofog1> <https://openspending.org/al_planned_budget_2007to2013/cofog1/health>. ?obs qb:dataSet <http://linkedspending.aksw.org/instance/al_planned_budget_2007to2013>. ?obs a qb:Observation.
 ?obs <http://linkedspending.aksw.org/ontology/al_planned_budget_2007to2013-amount> ?v1627297862.?obs <http://linkedspending.aksw.org/ontology/al_planned_budget_2007to2013-cofog1> ?v1686129037.?obs <http://linkedspending.aksw.org/ontology/refYear> ?v281587556.
}",0.0,0.0,0.0
97,external-debts,What is the external debt amount of Kwara?,"select  sum(xsd:decimal(?amount)) as ?sum from <http://linkedspending.aksw.org/external-debts>
{
?obs qb:dataSet ls:external-debts.
?obs lso:external-debts-to <https://openspending.org/external-debts/to/kwara>.
?obs lso:external-debts-amount ?amount.
}","select SUM(xsd:decimal(?v1167147149)) 
{
?obs qb:dataSet <http://linkedspending.aksw.org/instance/external-debts>. ?obs a qb:Observation.
 ?obs <http://linkedspending.aksw.org/ontology/external-debts-to> <https://openspending.org/external-debts/to/kwara>. ?obs <http://linkedspending.aksw.org/ontology/external-debts-amount> ?v1167147149.?obs <http://linkedspending.aksw.org/ontology/external-debts-to> ?v865713386.
}",1.0,1.0,1.0
98,external-debts,How much external debt did rivers have in 2010?,"select  sum(xsd:decimal(?amount)) as ?sum from <http://linkedspending.aksw.org/external-debts>
{
?obs qb:dataSet ls:external-debts.
?obs lso:external-debts-to <https://openspending.org/external-debts/to/rivers>.
?obs lso:external-debts-amount ?amount.
?obs lso:refYear ?year.
filter(year(?year)=2010)
}","select SUM(xsd:decimal(?v1167147149)) 
{
 ?obs  <http://linkedspending.aksw.org/ontology/refDate> ""2010""^^<http://www.w3.org/2001/XMLSchema#date>. ?obs qb:dataSet <http://linkedspending.aksw.org/instance/external-debts>. ?obs a qb:Observation.
 ?obs <http://linkedspending.aksw.org/ontology/external-debts-to> <https://openspending.org/external-debts/to/rivers>. ?obs <http://linkedspending.aksw.org/ontology/external-debts-amount> ?v1167147149.?obs <http://linkedspending.aksw.org/ontology/refDate> ?v282216435.?obs <http://linkedspending.aksw.org/ontology/external-debts-to> ?v865713386.
}",1.0,1.0,1.0
99,ddc94682cc95482a8deefc60596686fc,How many admins were responsible for mandatory payments in the Armenian approved budget of 2010?,"select count(distinct(?admin)) from <http://linkedspending.aksw.org/ddc94682cc95482a8deefc60596686fc>
{
?obs qb:dataSet ls:ddc94682cc95482a8deefc60596686fc.
?obs lso:ddc94682cc95482a8deefc60596686fc-economic <https://openspending.org/ddc94682cc95482a8deefc60596686fc/economic/4823>.
?obs lso:ddc94682cc95482a8deefc60596686fc-from ?admin.
}","select MIN(xsd:decimal(?v1148418098)) 
{
?obs qb:dataSet <http://linkedspending.aksw.org/instance/ddc94682cc95482a8deefc60596686fc>. ?obs a qb:Observation.
  ?obs  <http://linkedspending.aksw.org/ontology/refYear> ?v247.
filter(year(?v247)=2010). ?obs <http://linkedspending.aksw.org/ontology/ddc94682cc95482a8deefc60596686fc-economic> <https://openspending.org/ddc94682cc95482a8deefc60596686fc/economic/4823>. ?obs <http://linkedspending.aksw.org/ontology/ddc94682cc95482a8deefc60596686fc-amount> ?v1148418098.?obs <http://linkedspending.aksw.org/ontology/ddc94682cc95482a8deefc60596686fc-economic> ?v1733430805.?obs <http://linkedspending.aksw.org/ontology/refYear> ?v281587556.
}",0.0,0.0,0.0
100,ddc94682cc95482a8deefc60596686fc,How much total running expenses under budgetary classification did the Armenian approved budget of 2010 have?,"select sum(xsd:decimal(?amount)) as ?sum from <http://linkedspending.aksw.org/ddc94682cc95482a8deefc60596686fc>
{
?obs qb:dataSet ls:ddc94682cc95482a8deefc60596686fc.
?obs lso:ddc94682cc95482a8deefc60596686fc-economiclevel1 ""Running expenses"".
?obs lso:ddc94682cc95482a8deefc60596686fc-type ""personnel"".
?obs lso:ddc94682cc95482a8deefc60596686fc-amount ?amount.
}","select SUM(distinct(?v1426314192)) 
{
 ?obs  <http://linkedspending.aksw.org/ontology/refYear> ?v249.
filter(year(?v249)=2010). ?obs qb:dataSet <http://linkedspending.aksw.org/instance/ddc94682cc95482a8deefc60596686fc>. ?obs a qb:Observation.
  ?obs  <http://linkedspending.aksw.org/ontology/ddc94682cc95482a8deefc60596686fc-economiclevel1> ""Running expenses"". ?obs <http://linkedspending.aksw.org/ontology/ddc94682cc95482a8deefc60596686fc-type> ?v1426314192.?obs <http://linkedspending.aksw.org/ontology/ddc94682cc95482a8deefc60596686fc-economiclevel1> ?v1373672744.?obs <http://linkedspending.aksw.org/ontology/refYear> ?v281587556.
}",0.0,0.0,0.0
